Repair_ID,Device_ID,Device_Type,Brand,Model,Serial_Number,Customer_Name,Engineer,Repair_Date,Failure_Category,Failure_Type,Root_Cause,Repair_Action,Parts_Used,Repair_Time_Hours,Repair_Cost,QC_Status,QC_Inspector,Rework,Final_Status,Warehouse,Supplier,Warranty,Customer_Satisfaction
RP000001,DV93810,Laptop,Asus,EliteBook,SN-iVgR-10433,Kimberly Garza,Brandon Hall,2026-03-21,Software,Battery,Ago current practice nation determine operation.,Software Installation,SSD Drive,6.93,719.13,Pass,Abigail Shaffer,No,Completed,Dallas,Samsung,Yes,2
RP000002,DV76237,Laptop,Acer,ThinkPad,SN-Wvgf-65423,Ian Cooper,Andrew Stevens,2024-11-04,Display,Operating System,Win her need.,Software Installation,WiFi Card,6.1,657.07,Pass,Lisa Hensley,Yes,Cancelled,Phoenix,Kingston,No,2
RP000003,DV38221,Laptop,Dell,MacBook Pro,SN-Xsfo-93103,Jamie Chavez,Carla Kelly,2025-08-03,Hardware,Keyboard,Reduce raise author play.,Component Repair,Cooling Fan,6.24,655.35,Fail,Danielle Ford,Yes,Pending,Dallas,Seagate,No,5
RP000004,DV57400,Desktop,Asus,Latitude,SN-ocZu-48350,Austin Gentry,Michelle Lewis,2024-11-29,Hardware,Battery,How trip learn enter east no.,Component Repair,Keyboard,9.86,691.49,Pass,Kevin Hurst,No,Pending,Phoenix,Dell Parts,No,2
RP000005,DV58520,Desktop,Asus,EliteBook,SN-FfWd-65328,Brittany Moore,Linda Cruz,2025-07-15,Hardware,Cooling Fan,You more wife team activity result.,Firmware Update,Battery,5.57,233.61,Fail,Kimberly Adams,No,Pending,Houston,Dell Parts,No,1
RP000006,DV40021,Server,Apple,EliteBook,SN-DaUU-51462,Jonathan White,Sheila Evans,2026-06-11,Hardware,Battery,Participant check several much single morning.,Cleaning,Cooling Fan,2.52,424.42,Fail,Fred Smith,Yes,Pending,Houston,Intel,No,5
RP000007,DV66155,Workstation,Lenovo,ThinkPad,SN-KffU-54303,Mr. Philip Cannon,John Pierce,2024-11-23,Software,Power Supply,Month parent who up.,OS Reinstallation,SSD Drive,7.68,695.83,Pass,Melissa Marquez,Yes,Cancelled,Phoenix,Seagate,Yes,4
RP000008,DV60019,Workstation,Acer,EliteBook,SN-hpoe-65787,Kevin Hall,Benjamin Welch,2024-11-10,Display,Motherboard,Attack all form method.,Firmware Update,SSD Drive,6.98,452.73,Fail,John Ryan,No,Completed,Austin,Western Digital,Yes,4
RP000009,DV10425,Desktop,Acer,Latitude,SN-ZAmg-99737,Jeffrey Henderson,Nicholas Nunez,2025-10-17,Network,Power Supply,Art rock song.,Cleaning,Motherboard,1.95,621.88,Pass,Corey Herrera,No,Pending,Dallas,Samsung,No,3
RP000010,DV41385,Desktop,Acer,Latitude,SN-peCZ-26247,Krista Williams,Dr. Tracy House DVM,2026-05-15,Hardware,WiFi Card,Image loss ten total.,Component Repair,SSD Drive,9.79,449.53,Pass,Aaron Myers,Yes,Cancelled,Phoenix,Seagate,Yes,3
RP000011,DV79163,Workstation,Hp,Aspire,SN-jmsn-74687,Lauren Daniels,Amy Silva,2024-10-30,Software,Screen,Try most arm meet surface attention.,OS Reinstallation,Cooling Fan,4.66,438.18,Pass,Scott Powell,Yes,Completed,Dallas,Kingston,Yes,5
RP000012,DV82603,Desktop,Dell,Latitude,SN-NfAQ-93990,Kelly Donovan,Mike Allen,2025-11-20,Hardware,Battery,Capital population lead upon very.,Replace Component,RAM Module,8.67,103.14,Pass,Marc Hart,No,Cancelled,Phoenix,Intel,Yes,5
RP000013,DV85525,Desktop,Apple,MacBook Pro,SN-qiwe-11838,Jaclyn Moore,Michele Carr,2025-03-16,Software,RAM,Account stage federal professional voice care.,Replace Component,Power Supply,3.87,358.33,Pass,Brian Tran,Yes,Completed,Phoenix,Dell Parts,No,1
RP000014,DV42591,Desktop,Acer,MacBook Pro,SN-nROq-44935,Danielle Odonnell,Mark Calderon,2025-12-29,Software,Operating System,About side PM.,Software Installation,Keyboard,4.89,705.86,Pass,Patrick Arnold,No,Cancelled,Dallas,Samsung,Yes,1
RP000015,DV40982,Workstation,Apple,MacBook Pro,SN-SjIc-68011,Lauren Hernandez,Eric Nolan,2026-01-24,Software,Operating System,Together decide economic.,Replace Component,Battery,4.1,788.98,Fail,Richard Henson,No,Pending,Phoenix,Dell Parts,No,2
RP000016,DV34890,Desktop,Dell,Aspire,SN-ZZlA-69232,Norman Cook,Rebekah Shields,2025-09-13,Display,Motherboard,Environment skin blue the.,Firmware Update,Cooling Fan,1.04,488.13,Pass,Courtney Velasquez,Yes,Cancelled,Dallas,Intel,Yes,5
RP000017,DV18907,Desktop,Apple,Latitude,SN-bQmz-75433,Sean Rasmussen,Martin Ross,2024-08-21,Display,Battery,Former agree theory end oil worker.,Cleaning,RAM Module,6.38,364.42,Fail,Kyle Reed,No,Completed,Austin,Intel,No,4
RP000018,DV27154,Server,Apple,EliteBook,SN-yKmq-56981,Jeffrey Meyer,Melissa Bentley,2024-08-25,Hardware,Motherboard,Hair attorney professional form.,OS Reinstallation,SSD Drive,1.2,209.87,Fail,Ryan Cortez,Yes,Pending,Dallas,Intel,No,3
RP000019,DV30676,Server,Acer,ZenBook,SN-zSsJ-48465,Jason Bentley,Stephanie Gilbert,2025-04-21,Display,Motherboard,Image street fight decision.,Firmware Update,Keyboard,9.35,127.69,Pass,Lisa Morris,No,Completed,Dallas,Dell Parts,Yes,3
RP000020,DV46930,Desktop,Asus,EliteBook,SN-YYVk-77387,Diane Beck,Anna Crane,2024-11-01,Software,Screen,Pull different current agency.,Cleaning,WiFi Card,2.89,731.12,Pass,John Atkinson,Yes,Cancelled,Phoenix,Kingston,Yes,1
RP000021,DV53719,Server,Hp,ZenBook,SN-TSyF-17693,Charles Watts,Shannon Mcclure,2026-03-02,Power,Power Supply,Despite sound receive let newspaper.,Firmware Update,Power Supply,5.83,133.91,Pass,Barbara Anderson,Yes,Pending,Houston,Western Digital,Yes,1
RP000022,DV50404,Laptop,Lenovo,ThinkPad,SN-WCNU-78895,Jessica Meadows,Christopher Hensley,2025-07-05,Software,RAM,Else easy point she miss.,BIOS Update,Power Supply,9.75,612.11,Pass,Denise Jones,Yes,Completed,Phoenix,Samsung,Yes,3
RP000023,DV63964,Desktop,Lenovo,ThinkPad,SN-Ifij-43455,Michael Mccarthy,Jason Daniels,2024-08-27,Hardware,Operating System,Artist strategy hope show watch.,Component Repair,RAM Module,8.66,216.83,Fail,Spencer Johnston,No,Pending,Houston,Intel,Yes,2
RP000024,DV62227,Server,Dell,EliteBook,SN-AIVV-70546,Lindsey Walker,Jeffrey Johnson,2025-08-11,Network,Power Supply,Protect something right subject try.,OS Reinstallation,Cooling Fan,9.42,136.51,Fail,Ms. Susan Vargas,Yes,Cancelled,Austin,Samsung,Yes,5
RP000025,DV66959,Server,Apple,Aspire,SN-ldqy-01627,Jesse Rogers,Diana Bean,2025-07-25,Display,RAM,Edge bank affect much yourself.,OS Reinstallation,Motherboard,2.92,581.59,Pass,Matthew Harrington,Yes,Pending,Phoenix,Samsung,No,5
RP000026,DV51145,Laptop,Asus,EliteBook,SN-Njpi-00330,Brian Gould,David Wood,2024-09-02,Display,Screen,Parent security boy standard who blue.,Firmware Update,Power Supply,3.6,572.91,Pass,Eric Byrd,Yes,Pending,Phoenix,Dell Parts,Yes,5
RP000027,DV84593,Workstation,Acer,Latitude,SN-SOpg-66319,Elizabeth Sutton,Rebecca Knight,2025-09-08,Network,Screen,Girl into have.,Software Installation,Power Supply,7.96,505.0,Fail,Gloria Atkinson,No,Pending,Phoenix,Dell Parts,Yes,5
RP000028,DV72021,Laptop,Lenovo,Aspire,SN-TjBl-71657,Tracie Nelson,Kimberly Webb,2026-01-21,Display,Keyboard,Stay or focus early various.,Replace Component,Motherboard,6.89,218.48,Pass,Jerry Christensen,Yes,Completed,Dallas,Intel,No,5
RP000029,DV19545,Workstation,Asus,Aspire,SN-FulF-99650,Robert Peterson,Meredith Hill,2025-04-03,Software,Operating System,Might course drop.,OS Reinstallation,Power Supply,2.82,542.04,Pass,Justin Allen,Yes,Pending,Houston,Intel,No,1
RP000030,DV83060,Laptop,Apple,ThinkPad,SN-sozS-77701,Matthew Wood,Hailey Barajas,2025-10-31,Power,Power Supply,Former reflect even edge building court.,Cleaning,Cooling Fan,9.53,718.57,Fail,Joshua Gill,No,Completed,Phoenix,Western Digital,No,2
RP000031,DV93579,Workstation,Asus,ThinkPad,SN-ULWH-23374,Veronica Wall,Isaac Turner,2025-10-03,Network,WiFi Card,Call animal approach factor want point.,Replace Component,Keyboard,2.73,301.89,Pass,Ashley Smith,Yes,Completed,Houston,Western Digital,Yes,2
RP000032,DV18418,Workstation,Lenovo,Aspire,SN-ldqE-47775,Austin Vasquez,Melissa Hernandez,2025-05-15,Power,Operating System,We be easy newspaper indicate other.,Replace Component,Motherboard,8.41,342.11,Pass,Patricia James,No,Pending,Dallas,Kingston,No,4
RP000033,DV64921,Desktop,Apple,ThinkPad,SN-KNdN-74964,Annette Farmer,Deborah Miller,2025-01-08,Network,Operating System,Community avoid able late.,OS Reinstallation,RAM Module,4.19,551.66,Fail,Doris Hall,Yes,Pending,Houston,Seagate,Yes,4
RP000034,DV87580,Laptop,Dell,ZenBook,SN-YYOL-47134,Taylor Coleman,Maria Kerr,2024-12-13,Power,SSD,Author coach film.,Component Repair,WiFi Card,2.23,245.12,Fail,Laura Roberts,Yes,Pending,Austin,Kingston,No,3
RP000035,DV65255,Laptop,Apple,Latitude,SN-GIFC-17464,Andrew Reynolds,David Davis,2025-10-28,Display,Motherboard,Onto again share start office several.,BIOS Update,Motherboard,6.68,635.92,Pass,Joseph Ramos,Yes,Completed,Houston,Samsung,Yes,2
RP000036,DV26544,Laptop,Acer,ThinkPad,SN-fEwA-42967,Michael Hodge,Michael Roberts,2025-03-16,Power,Screen,Spend nearly lawyer fire follow.,Component Repair,Cooling Fan,2.09,505.44,Pass,Jennifer Robertson,Yes,Pending,Dallas,Seagate,Yes,3
RP000037,DV85470,Workstation,Apple,ZenBook,SN-mHxN-08760,Lori Wolf,Joshua Pennington,2024-08-19,Software,RAM,Thing machine ahead picture son.,Cleaning,Motherboard,1.47,629.36,Pass,Emily Smith,Yes,Pending,Phoenix,Dell Parts,No,1
RP000038,DV76317,Server,Dell,MacBook Pro,SN-hPjF-61317,Dorothy Thornton,John Kennedy,2024-09-18,Power,RAM,Necessary himself two meet these.,OS Reinstallation,Cooling Fan,6.54,671.53,Pass,Desiree Tyler,No,Completed,Austin,Seagate,No,4
RP000039,DV67091,Server,Lenovo,ThinkPad,SN-sUtL-65840,Mary Grimes,John Cook,2024-11-14,Hardware,Screen,Help usually thank wonder draw him.,OS Reinstallation,Motherboard,7.63,477.39,Fail,Jennifer Flores,No,Completed,Phoenix,Kingston,Yes,4
RP000040,DV37802,Server,Lenovo,EliteBook,SN-ciGL-76627,Brian Kirk,Thomas Smith,2025-07-15,Display,Screen,Improve pressure child.,Cleaning,RAM Module,5.41,193.29,Pass,Wayne Morgan,No,Pending,Houston,Dell Parts,No,4
RP000041,DV68743,Laptop,Lenovo,ThinkPad,SN-uOTW-61586,Joshua Williamson II,Donna Perez,2026-06-26,Power,Battery,Its better plant.,BIOS Update,Cooling Fan,5.0,448.19,Fail,Jill Benson,No,Pending,Phoenix,Kingston,No,3
RP000042,DV40217,Desktop,Lenovo,Latitude,SN-wxBj-00504,Jason Maldonado,Christopher Lynch,2026-03-12,Display,SSD,People drive tree central leave.,Software Installation,Motherboard,7.52,257.37,Fail,David Smith,Yes,Completed,Austin,Intel,No,2
RP000043,DV49618,Desktop,Lenovo,Latitude,SN-CwLt-74821,Jessica Wright,Christina Cruz,2026-06-29,Hardware,Power Supply,Blood high grow fast recognize against.,BIOS Update,Battery,6.56,614.59,Pass,Jennifer Smith,Yes,Cancelled,Austin,Western Digital,No,4
RP000044,DV54657,Laptop,Lenovo,MacBook Pro,SN-MZwo-09743,Lisa Byrd,Mary Massey,2026-01-06,Hardware,RAM,Best physical always small almost half capital.,OS Reinstallation,WiFi Card,1.2,522.08,Pass,Erin Perry,Yes,Completed,Austin,Samsung,Yes,1
RP000045,DV83147,Desktop,Acer,MacBook Pro,SN-Grkq-32858,Terry Coffey,Seth Brock,2025-05-13,Power,WiFi Card,While cell whom team right.,BIOS Update,Power Supply,3.4,515.77,Pass,Tracy Ballard,Yes,Cancelled,Houston,Kingston,Yes,2
RP000046,DV41439,Laptop,Hp,Latitude,SN-IhDx-51604,Megan Richards,Teresa Rodriguez,2026-01-17,Power,WiFi Card,Likely people wall foreign.,Firmware Update,WiFi Card,3.27,223.61,Fail,Maria Reid,No,Completed,Houston,Kingston,Yes,4
RP000047,DV25043,Desktop,Asus,ThinkPad,SN-cctF-74612,David Medina,Jacob Avery,2025-01-02,Network,SSD,Industry score choice increase between majority.,Replace Component,RAM Module,2.08,280.71,Fail,Trevor Johnson,No,Completed,Phoenix,Dell Parts,No,4
RP000048,DV45683,Workstation,Apple,Latitude,SN-xgRx-53773,Vanessa Howard,Colton Martinez,2025-02-16,Display,Motherboard,Begin deep police wife anything.,OS Reinstallation,Cooling Fan,6.24,69.4,Pass,William Buchanan,Yes,Cancelled,Austin,Seagate,Yes,2
RP000049,DV71669,Workstation,Lenovo,ThinkPad,SN-novX-31839,Steven Smith,Brianna Anderson,2025-01-28,Display,Operating System,Sometimes body term capital.,Firmware Update,WiFi Card,9.71,402.51,Fail,Richard Chapman,No,Pending,Dallas,Intel,No,4
RP000050,DV74942,Workstation,Acer,Latitude,SN-VAHh-02402,Karen Strickland,Ashley Gordon,2025-09-21,Power,RAM,Analysis situation term miss leader who.,BIOS Update,Keyboard,3.57,777.64,Fail,John Morales,Yes,Cancelled,Phoenix,Western Digital,Yes,2
RP000051,DV77952,Workstation,Asus,MacBook Pro,SN-uMje-17711,Marcus Richards,Jane Harper,2025-07-08,Hardware,Battery,Law painting between reduce.,BIOS Update,Battery,9.31,378.59,Fail,Marilyn Mack,Yes,Completed,Houston,Dell Parts,Yes,3
RP000052,DV82199,Workstation,Dell,ThinkPad,SN-vDzA-36736,Emily Edwards,Troy Mcdaniel,2026-06-29,Hardware,WiFi Card,Attack story behavior benefit school speech.,Replace Component,Battery,5.23,587.45,Fail,Laurie Hoffman,No,Pending,Phoenix,Intel,No,5
RP000053,DV28958,Desktop,Acer,Aspire,SN-UdsM-51656,Brian Romero,John Boone,2025-06-16,Software,RAM,Suddenly happen several off southern.,BIOS Update,Power Supply,3.73,640.79,Fail,Vanessa Cardenas,Yes,Pending,Austin,Seagate,No,2
RP000054,DV68529,Workstation,Lenovo,EliteBook,SN-blrS-98094,Tammy Bell,Charles Sandoval,2025-01-08,Display,Power Supply,Center plan air.,OS Reinstallation,WiFi Card,9.36,702.2,Pass,Cindy Barnes,No,Completed,Phoenix,Samsung,No,4
RP000055,DV59968,Desktop,Apple,Latitude,SN-XKMf-52545,Brittney Webster,Brad Ramos,2025-06-13,Software,Power Supply,Magazine kind event sense box.,Cleaning,Cooling Fan,8.76,705.64,Fail,Douglas Gregory,Yes,Cancelled,Phoenix,Samsung,Yes,4
RP000056,DV95823,Laptop,Apple,EliteBook,SN-zMda-78403,Tony Saunders,Donna Wilson,2026-02-05,Network,Cooling Fan,Section compare herself region matter street.,Firmware Update,Power Supply,6.67,688.82,Fail,Andrea Hensley,No,Cancelled,Phoenix,Seagate,Yes,5
RP000057,DV18968,Server,Hp,ZenBook,SN-uKBK-06071,Mark Roberts,Vincent Jackson,2025-11-15,Hardware,Operating System,Least ready gun join black job.,Replace Component,SSD Drive,4.71,570.5,Pass,Blake Harrell,Yes,Pending,Dallas,Kingston,No,3
RP000058,DV66450,Desktop,Acer,MacBook Pro,SN-GOhH-53521,Susan Bailey,Sabrina Briggs,2026-02-14,Display,SSD,Bill eight community check.,Software Installation,Battery,1.25,703.13,Pass,Angela Bean,No,Cancelled,Houston,Intel,No,3
RP000059,DV70236,Laptop,Apple,EliteBook,SN-RKPO-77997,Mrs. Tricia Stewart,John Welch,2025-10-25,Display,SSD,Option goal avoid left.,Replace Component,WiFi Card,9.48,790.74,Fail,Jacob Mitchell,No,Cancelled,Austin,Western Digital,No,2
RP000060,DV60422,Laptop,Hp,MacBook Pro,SN-DLJY-19986,Amanda Stout,Chelsea Jacobs,2025-03-06,Display,Keyboard,Character artist billion tonight gas research.,Cleaning,Keyboard,9.93,271.42,Fail,Carrie Wright,No,Completed,Dallas,Seagate,No,3
RP000061,DV40162,Server,Hp,ZenBook,SN-kxxs-77889,Raymond Shelton,Mark Cook,2024-10-30,Software,Cooling Fan,Behind question exist rich prevent.,BIOS Update,Battery,6.47,727.55,Pass,Shelley Cook,No,Pending,Dallas,Seagate,No,2
RP000062,DV21813,Server,Asus,MacBook Pro,SN-iMTf-92546,James Conner,Meagan Calderon,2025-09-14,Software,Battery,Behavior provide meet adult final week.,Software Installation,Cooling Fan,5.54,735.12,Pass,Ralph Lee,No,Pending,Austin,Dell Parts,No,1
RP000063,DV71385,Desktop,Hp,ZenBook,SN-GXIV-22141,Amanda Rogers,Bonnie Bennett,2026-04-27,Power,Power Supply,Congress realize person total.,BIOS Update,SSD Drive,8.01,60.44,Pass,Amanda Diaz,No,Pending,Austin,Seagate,No,3
RP000064,DV24201,Desktop,Apple,Latitude,SN-oIpt-37947,Rachel Mckee,Michael Hudson,2024-08-21,Display,Power Supply,Left example high month whom.,BIOS Update,Motherboard,6.65,526.55,Fail,Rebecca Taylor,No,Cancelled,Phoenix,Samsung,Yes,1
RP000065,DV14877,Workstation,Dell,Latitude,SN-gTHh-40758,Phillip Nelson,Brittany Kim,2025-09-05,Software,Power Supply,Stage this us increase.,Software Installation,Power Supply,4.81,552.86,Fail,James Hughes,Yes,Pending,Dallas,Western Digital,No,3
RP000066,DV14288,Server,Hp,MacBook Pro,SN-gTPv-15305,Brenda Mitchell,Melissa Taylor,2024-08-06,Power,Battery,Large accept bad eight strong nature.,Component Repair,Cooling Fan,1.44,564.26,Fail,Kelsey Rodriguez,Yes,Pending,Austin,Intel,Yes,4
RP000067,DV22015,Desktop,Asus,ZenBook,SN-pAOY-43410,Amy Copeland,Mr. Mark Andrews DDS,2024-09-03,Display,Motherboard,Investment pass drive indicate.,Replace Component,Cooling Fan,2.81,144.44,Pass,Angela Villegas,Yes,Cancelled,Houston,Seagate,Yes,2
RP000068,DV53064,Laptop,Lenovo,ThinkPad,SN-JbyE-18888,James Brooks,Heather Jones,2026-02-12,Software,Power Supply,Run pick sign same.,BIOS Update,Battery,1.54,699.84,Pass,Andrew Payne,Yes,Pending,Houston,Seagate,No,1
RP000069,DV32838,Laptop,Hp,ZenBook,SN-eTXD-27722,Dakota Moody,Emily Collins,2025-10-15,Power,Power Supply,Writer myself education send course.,Replace Component,SSD Drive,5.02,633.51,Pass,Richard Glenn,No,Cancelled,Houston,Seagate,Yes,5
RP000070,DV49535,Laptop,Dell,MacBook Pro,SN-zVCy-54156,Cody Holt,Robert Adams,2025-03-31,Power,Operating System,Risk bad own.,Firmware Update,SSD Drive,5.16,732.28,Pass,Kimberly Morris,Yes,Pending,Houston,Samsung,Yes,3
RP000071,DV91830,Server,Apple,Aspire,SN-MTBk-15447,Heather Williams,Heather Bolton,2024-10-03,Display,Screen,Police social arm provide.,OS Reinstallation,Power Supply,1.44,576.33,Pass,Jose Brady,No,Pending,Houston,Western Digital,No,4
RP000072,DV62262,Laptop,Lenovo,MacBook Pro,SN-ciep-20297,Holly Reyes,Lisa Shelton,2025-05-14,Network,Screen,Head several off morning huge.,BIOS Update,Battery,7.02,405.7,Pass,Danielle Wilson,Yes,Completed,Phoenix,Samsung,No,2
RP000073,DV82924,Server,Asus,Latitude,SN-hqXq-27868,Cindy Carr,Yvonne Gonzalez,2026-05-13,Power,Keyboard,Table later together.,Component Repair,Power Supply,8.75,590.8,Fail,Brandon Fleming,No,Pending,Dallas,Seagate,Yes,2
RP000074,DV96079,Desktop,Dell,EliteBook,SN-stkT-55188,Melody Thompson,Danny Galloway,2025-03-07,Display,Keyboard,Door management guess.,Replace Component,Keyboard,5.95,655.42,Pass,Julie Bird,No,Completed,Houston,Kingston,No,3
RP000075,DV56009,Desktop,Hp,Aspire,SN-zTUE-29114,Patricia Morrow,William Day,2026-07-07,Power,RAM,Letter military campaign stop necessary.,Software Installation,RAM Module,1.37,447.86,Fail,Patricia Anderson,No,Pending,Austin,Intel,No,3
RP000076,DV52517,Laptop,Dell,ThinkPad,SN-tkku-80182,Courtney Meza,Diane Miller,2024-12-09,Software,Cooling Fan,Play nearly by field.,Replace Component,SSD Drive,3.08,546.45,Fail,Kathryn Jackson,No,Pending,Austin,Intel,Yes,3
RP000077,DV66349,Server,Asus,ZenBook,SN-vKcb-92299,Travis Wise,Daniel Armstrong,2026-03-22,Display,WiFi Card,Police marriage phone face what lot.,Cleaning,Keyboard,0.93,346.45,Pass,Melinda Evans,Yes,Completed,Austin,Intel,Yes,3
RP000078,DV47938,Laptop,Dell,MacBook Pro,SN-EDnv-10276,Emily Higgins,Shannon Hester,2025-08-12,Power,SSD,Set middle blood.,Software Installation,Power Supply,5.56,222.58,Fail,Bryan Cole,Yes,Pending,Dallas,Western Digital,Yes,4
RP000079,DV20205,Workstation,Acer,MacBook Pro,SN-NApk-21046,Taylor Griffith,Christopher Ferrell,2025-08-27,Power,Screen,Material final age war measure.,Replace Component,Power Supply,0.7,293.58,Fail,Cindy Gomez,No,Completed,Phoenix,Samsung,Yes,4
RP000080,DV87184,Laptop,Apple,EliteBook,SN-sIag-04797,Stephen Luna,Holly Morales,2025-05-29,Network,Battery,No guy eye hit late near.,BIOS Update,Battery,1.23,524.92,Pass,Lisa Carr,No,Pending,Houston,Intel,Yes,2
RP000081,DV43550,Desktop,Acer,ThinkPad,SN-JxWj-21655,Jordan Porter,Chad Cook,2025-12-23,Hardware,SSD,Mind chance throw cause use five.,Component Repair,WiFi Card,4.91,472.8,Fail,Luis Kirby,No,Cancelled,Austin,Intel,No,1
RP000082,DV71462,Server,Lenovo,Aspire,SN-FTKt-95888,Alan Rivera,Jason Parker,2025-04-17,Hardware,Keyboard,Ago listen whose situation simply officer return.,Cleaning,SSD Drive,3.45,388.94,Pass,Carolyn Fuller,No,Pending,Dallas,Dell Parts,Yes,5
RP000083,DV87867,Workstation,Apple,Aspire,SN-KShm-96230,Erik Hernandez,Jennifer Hampton,2025-02-09,Display,Motherboard,Their save artist catch debate foot.,OS Reinstallation,Motherboard,3.55,406.72,Pass,Kelly Edwards,Yes,Pending,Dallas,Kingston,Yes,5
RP000084,DV94689,Laptop,Hp,ZenBook,SN-wRXU-27858,Regina Baker,Dr. Douglas Evans,2026-01-18,Power,WiFi Card,Side relate real major.,Cleaning,Battery,3.96,738.45,Fail,Justin Michael,No,Pending,Dallas,Dell Parts,No,1
RP000085,DV53213,Workstation,Lenovo,EliteBook,SN-yzwX-44198,Donna Roberts,Hannah Ramos,2026-04-08,Display,SSD,Section degree still even.,BIOS Update,SSD Drive,6.04,156.07,Fail,Denise Rodriguez,No,Cancelled,Phoenix,Intel,Yes,3
RP000086,DV83259,Server,Hp,ZenBook,SN-oOod-93308,Gary Kennedy,Brenda Oconnell,2025-06-23,Display,RAM,Imagine various there local.,Firmware Update,Power Supply,5.33,63.67,Fail,Victor Morris,Yes,Completed,Austin,Western Digital,Yes,2
RP000087,DV28030,Laptop,Lenovo,Latitude,SN-VUcl-01938,Ryan Peck,Russell French,2026-02-05,Display,Power Supply,View while unit theory.,Component Repair,RAM Module,6.79,707.29,Pass,Keith Rodriguez,No,Completed,Houston,Intel,Yes,4
RP000088,DV15726,Server,Asus,ZenBook,SN-FiGD-54788,Robert Rivera,Mariah Higgins,2025-05-19,Software,WiFi Card,Say so nothing.,Cleaning,Keyboard,7.65,637.85,Pass,Casey Chase,Yes,Pending,Phoenix,Intel,No,5
RP000089,DV67749,Server,Apple,Aspire,SN-zQgl-66851,Mrs. Taylor Smith,Jeremy Adams,2025-03-28,Display,Operating System,Few reveal activity president realize.,Software Installation,Motherboard,8.11,153.8,Fail,Bryan Parker,Yes,Cancelled,Phoenix,Kingston,Yes,5
RP000090,DV26341,Laptop,Hp,EliteBook,SN-xNoo-68414,Karen Gibson,Jacqueline Miles DVM,2025-09-25,Power,Power Supply,Soon stay seven quite other skin.,Software Installation,Power Supply,1.37,732.88,Fail,Kelsey Cox,No,Completed,Phoenix,Samsung,No,5
RP000091,DV59015,Workstation,Dell,EliteBook,SN-mKIj-91088,Scott Ramos,Michelle Burns,2025-11-14,Software,Motherboard,Knowledge argue car indeed nor next.,BIOS Update,SSD Drive,8.47,537.47,Pass,Elizabeth Johnson,Yes,Completed,Austin,Western Digital,Yes,4
RP000092,DV68799,Laptop,Dell,Latitude,SN-cBwS-40391,Zachary Michael,Timothy Johnson,2024-10-21,Network,Battery,Conference career political role white.,Component Repair,Battery,5.71,595.43,Fail,Steven West,Yes,Pending,Houston,Kingston,Yes,1
RP000093,DV41252,Workstation,Dell,Latitude,SN-Pwhl-66182,Jenna Anderson DVM,Nicole Good,2025-05-10,Power,Cooling Fan,Pull name mother statement easy.,Cleaning,RAM Module,6.5,481.29,Pass,Donald Pineda,No,Pending,Dallas,Seagate,No,2
RP000094,DV84798,Desktop,Asus,ZenBook,SN-pneg-10690,Jill Powers,Dana Williams,2025-05-13,Hardware,Power Supply,Doctor describe tell argue mean.,BIOS Update,SSD Drive,9.56,458.06,Pass,Robert Dennis,No,Pending,Dallas,Dell Parts,No,3
RP000095,DV43246,Server,Dell,EliteBook,SN-tjQH-59953,Eric Brown,Sheryl Buck,2026-06-27,Software,RAM,Quickly new another general poor high modern.,Component Repair,Cooling Fan,1.77,314.22,Fail,Jennifer Evans,Yes,Cancelled,Phoenix,Dell Parts,No,2
RP000096,DV27675,Workstation,Dell,EliteBook,SN-tTjZ-28733,Anthony Gutierrez,Joseph Price,2026-05-10,Software,Motherboard,Data position two suggest.,Component Repair,Motherboard,8.92,286.7,Fail,Nathaniel Lee,No,Cancelled,Phoenix,Kingston,Yes,2
RP000097,DV47501,Laptop,Asus,EliteBook,SN-emZW-46990,Megan Robinson,Terry Turner,2025-07-13,Network,RAM,Deep couple scientist.,Component Repair,Cooling Fan,4.65,350.02,Fail,Nicole Rocha,No,Pending,Houston,Western Digital,No,3
RP000098,DV78062,Laptop,Asus,MacBook Pro,SN-uXsy-93638,Matthew Parker,Stephen Owens,2025-10-13,Hardware,Operating System,Seven floor data fine animal ten.,Cleaning,Battery,5.68,290.91,Pass,Alexis Tran,No,Cancelled,Austin,Kingston,No,5
RP000099,DV65851,Workstation,Lenovo,MacBook Pro,SN-mvoy-99642,Danielle Pierce,Gail Hines,2026-01-24,Hardware,Keyboard,Whom politics make collection some college.,Cleaning,Power Supply,3.11,785.02,Pass,Katherine Stark,Yes,Cancelled,Phoenix,Kingston,Yes,1
RP000100,DV28714,Workstation,Dell,ThinkPad,SN-QdWa-80801,Ryan Hall,Alexa Wagner,2024-10-29,Hardware,Battery,Art point value tree process.,Component Repair,Cooling Fan,3.94,762.1,Pass,Joseph Jenkins,Yes,Cancelled,Phoenix,Kingston,No,4
RP000101,DV20077,Desktop,Acer,EliteBook,SN-bGSR-08484,Todd White,Kelly Allen,2024-12-03,Power,Keyboard,Money spring environment however health image.,Firmware Update,Keyboard,2.87,135.09,Pass,Wanda Perez,No,Cancelled,Phoenix,Seagate,Yes,3
RP000102,DV44116,Workstation,Hp,Aspire,SN-yJEd-10166,Michele Miller,Maria Rivera,2024-07-23,Network,WiFi Card,Thus try discover.,Software Installation,SSD Drive,1.79,105.54,Pass,Melissa Knight,No,Completed,Austin,Dell Parts,No,1
RP000103,DV82089,Server,Lenovo,ThinkPad,SN-KQcl-40148,Emily Ali,Nicole Marquez,2025-01-04,Software,Keyboard,Up federal nor note support.,Cleaning,Motherboard,1.65,200.74,Pass,Kimberly Reyes,Yes,Pending,Dallas,Kingston,No,4
RP000104,DV82305,Laptop,Dell,EliteBook,SN-gBoe-21850,Randy Friedman,Raymond Johnson,2026-03-03,Power,WiFi Card,Situation late direction need.,Cleaning,Power Supply,7.81,667.5,Pass,Cody Willis,Yes,Pending,Dallas,Western Digital,No,5
RP000105,DV55156,Desktop,Hp,MacBook Pro,SN-Tefr-61943,Michael Walters,Emily Rodriguez,2026-03-04,Display,Motherboard,Wall know seven.,Component Repair,SSD Drive,5.42,278.09,Pass,Brandon Jordan,No,Cancelled,Houston,Kingston,No,1
RP000106,DV42847,Server,Hp,ZenBook,SN-bfwJ-88861,Kyle Nguyen,Edgar Hughes,2025-12-24,Network,Cooling Fan,Right nice yeah.,Cleaning,SSD Drive,5.27,176.48,Pass,Joseph Jennings,Yes,Cancelled,Austin,Seagate,Yes,1
RP000107,DV20646,Server,Asus,ThinkPad,SN-Fjek-22444,Jason Washington,David Wright,2026-05-28,Display,Operating System,Many pattern leader career according how success.,Cleaning,RAM Module,5.23,520.37,Fail,Scott Alexander,No,Pending,Houston,Dell Parts,No,3
RP000108,DV69446,Laptop,Hp,MacBook Pro,SN-MSmE-69245,Vincent Novak,Michael Henry,2026-04-30,Power,WiFi Card,Site for exactly skill half usually.,OS Reinstallation,Motherboard,3.73,157.75,Fail,Zachary White,No,Pending,Houston,Kingston,Yes,3
RP000109,DV41685,Laptop,Lenovo,MacBook Pro,SN-ZsSe-80737,Rebecca Ortiz,Mr. David Hopkins DDS,2025-03-23,Software,SSD,Available wrong look husband media.,Replace Component,RAM Module,3.26,338.11,Fail,Melissa Stephens,Yes,Completed,Austin,Seagate,No,2
RP000110,DV30885,Workstation,Apple,EliteBook,SN-XpQQ-58911,Matthew Williams,Miss Jennifer Goodwin,2025-02-18,Power,Motherboard,Black better develop section newspaper.,Replace Component,Power Supply,5.3,775.01,Pass,Connie Brooks,No,Completed,Dallas,Kingston,No,5
RP000111,DV95755,Workstation,Lenovo,Aspire,SN-bEgs-79825,Vernon Wilson,Brenda Collins,2024-08-24,Hardware,RAM,Six miss give best reveal.,OS Reinstallation,Battery,8.88,595.63,Fail,Austin Williams,No,Completed,Phoenix,Samsung,Yes,3
RP000112,DV82512,Laptop,Apple,Aspire,SN-VpHl-10512,Erin Simmons,Robert Soto,2025-09-21,Power,Power Supply,Policy it ahead pass.,BIOS Update,SSD Drive,1.72,122.51,Fail,Kevin Price,No,Cancelled,Austin,Intel,Yes,5
RP000113,DV76731,Laptop,Dell,Latitude,SN-gZIl-33419,Craig Wilson,Katherine Church,2025-05-28,Software,Keyboard,Others particularly only girl suddenly.,Component Repair,WiFi Card,5.43,161.71,Pass,Robin Mccarthy,No,Cancelled,Austin,Intel,No,5
RP000114,DV49221,Server,Acer,Aspire,SN-uhpt-49912,James Thomas,Kyle Andrews,2024-11-13,Display,WiFi Card,Control player really population yourself.,Firmware Update,Keyboard,5.01,62.48,Fail,Katherine Taylor,Yes,Pending,Austin,Dell Parts,Yes,5
RP000115,DV72205,Desktop,Asus,Latitude,SN-aFim-57905,Tracey Wagner,Michael Perry PhD,2025-10-15,Display,WiFi Card,Cold not somebody determine allow different.,Software Installation,Power Supply,1.9,560.55,Pass,Richard Cunningham,Yes,Completed,Dallas,Western Digital,No,4
RP000116,DV29848,Desktop,Apple,Aspire,SN-hrXI-78819,Holly Carson,Nathan Payne,2025-05-17,Display,WiFi Card,Bill stop seem fear yourself.,Component Repair,RAM Module,7.2,439.01,Fail,Gregory Montoya,No,Cancelled,Phoenix,Kingston,Yes,4
RP000117,DV79878,Server,Asus,ZenBook,SN-SwTN-71339,Carol Taylor,Daniel Brown,2025-07-28,Network,Cooling Fan,Mother others collection without fall.,OS Reinstallation,Motherboard,9.59,259.25,Fail,Tiffany Robertson,Yes,Pending,Austin,Dell Parts,Yes,4
RP000118,DV51555,Server,Acer,ZenBook,SN-PiSi-12604,Michael Poole,Megan Burns,2025-03-09,Network,Screen,Plan physical heart away some shoulder.,Replace Component,Power Supply,9.01,345.9,Fail,Paul Neal,Yes,Pending,Dallas,Kingston,Yes,3
RP000119,DV67983,Server,Asus,MacBook Pro,SN-aXUf-57759,Judy Beck,Arthur Ferguson,2024-09-10,Software,Battery,Why station manager follow.,Component Repair,Keyboard,9.36,572.13,Pass,Joshua Anderson,Yes,Cancelled,Houston,Intel,Yes,5
RP000120,DV39579,Desktop,Dell,Latitude,SN-OYDb-75001,Scott Alexander,Tyler Harris,2024-09-28,Power,Keyboard,Think few themselves.,Firmware Update,WiFi Card,1.46,628.07,Pass,Anna Ward,Yes,Pending,Phoenix,Western Digital,Yes,3
RP000121,DV52096,Laptop,Dell,ZenBook,SN-OtUS-15206,Jessica Davis,Daniel Miller,2025-09-24,Display,Battery,Difficult quite act receive stage write.,Cleaning,RAM Module,9.18,181.3,Pass,Carlos Jones,Yes,Pending,Phoenix,Intel,No,1
RP000122,DV11214,Laptop,Lenovo,EliteBook,SN-xtiy-61115,Nicole Anderson,Brenda Moreno MD,2025-09-11,Power,Power Supply,Key reveal physical character.,Cleaning,WiFi Card,8.95,150.65,Fail,Michael Heath,No,Completed,Dallas,Kingston,Yes,4
RP000123,DV94972,Desktop,Dell,ZenBook,SN-UywB-11219,Charles Hill,Juan Greene,2025-10-23,Network,Screen,Expect wait agree suggest then day.,Cleaning,Motherboard,2.17,692.11,Fail,Chelsea Myers,No,Cancelled,Austin,Samsung,No,1
RP000124,DV34219,Workstation,Lenovo,ThinkPad,SN-pFOM-03761,Stephen Smith,Eugene Hughes,2026-02-20,Hardware,Screen,Inside national common likely would authority.,OS Reinstallation,Motherboard,4.74,250.25,Fail,Alexis Lewis,No,Cancelled,Dallas,Kingston,No,2
RP000125,DV18142,Laptop,Apple,EliteBook,SN-XABS-06848,Martin Medina,Bradley Miller,2024-08-29,Software,Operating System,Window choice force only.,Firmware Update,Keyboard,7.06,529.03,Fail,Marie Day,No,Cancelled,Houston,Intel,Yes,4
RP000126,DV30078,Server,Apple,ZenBook,SN-fBhD-46303,Amy Wade,Casey Smith,2025-04-04,Display,WiFi Card,Reduce clearly well.,Component Repair,Motherboard,7.74,560.26,Pass,Rachel Le,No,Cancelled,Austin,Samsung,Yes,1
RP000127,DV81781,Desktop,Acer,Aspire,SN-XbvZ-25241,Joseph Baker,Lori Crawford,2025-02-11,Software,SSD,Growth matter note happy effort bill.,BIOS Update,WiFi Card,1.6,204.05,Fail,Miranda Perez,Yes,Cancelled,Phoenix,Samsung,No,2
RP000128,DV77272,Workstation,Acer,Latitude,SN-cExy-80003,Cassidy Horne,Robert Klein,2025-05-14,Display,WiFi Card,Different eat trouble floor step.,Firmware Update,Keyboard,7.37,346.96,Pass,Barbara Nunez,Yes,Cancelled,Dallas,Samsung,No,3
RP000129,DV18357,Laptop,Dell,MacBook Pro,SN-zeDs-02380,Emily Miller,Jacob Carter,2025-01-05,Hardware,Screen,Science drug happy will.,OS Reinstallation,Battery,7.81,624.37,Fail,Dr. Morgan Payne PhD,No,Pending,Phoenix,Western Digital,No,1
RP000130,DV99486,Desktop,Asus,EliteBook,SN-IwOS-20603,Tiffany Smith,Sarah Acosta,2024-09-04,Hardware,SSD,Day work information.,Cleaning,Power Supply,5.52,595.89,Pass,Valerie Thomas,Yes,Completed,Austin,Western Digital,No,5
RP000131,DV59712,Desktop,Apple,EliteBook,SN-ASxD-41038,Angela Davis,Robert Jones,2025-11-20,Software,Screen,Artist production candidate factor surface unit.,Software Installation,SSD Drive,0.81,545.15,Pass,Ronnie Nguyen,Yes,Completed,Dallas,Samsung,Yes,4
RP000132,DV88352,Laptop,Hp,ZenBook,SN-iXXL-74313,Brian Cole,Bryan Howard,2024-08-24,Hardware,Operating System,Later leg system bed.,OS Reinstallation,Motherboard,5.63,615.79,Pass,Elizabeth Bush,Yes,Cancelled,Austin,Intel,No,5
RP000133,DV88370,Server,Hp,EliteBook,SN-fTpw-90352,Anthony Evans,Carrie Crane,2024-08-24,Software,Power Supply,New nearly behind big soldier.,Software Installation,Power Supply,3.35,95.72,Pass,Antonio Norman,No,Cancelled,Phoenix,Samsung,No,4
RP000134,DV78742,Workstation,Apple,ThinkPad,SN-ROPf-32365,Deanna Hess,Austin Orr,2025-08-21,Network,Operating System,Speak begin suggest speak business.,Software Installation,WiFi Card,2.79,219.01,Pass,Amber Glass,No,Completed,Phoenix,Western Digital,Yes,4
RP000135,DV41831,Desktop,Lenovo,ZenBook,SN-RBlw-66706,Cody Ramirez,Amanda Harvey,2025-10-25,Hardware,WiFi Card,Positive material third look.,Component Repair,Cooling Fan,1.38,593.44,Pass,James Barnes,Yes,Pending,Phoenix,Dell Parts,Yes,1
RP000136,DV34662,Desktop,Apple,ThinkPad,SN-YTwE-83806,Kari Durham,Jasmine White,2024-11-19,Network,Screen,Others ahead specific exactly speak.,Replace Component,Motherboard,9.4,771.56,Pass,Hunter Silva,No,Completed,Houston,Western Digital,Yes,5
RP000137,DV52154,Workstation,Apple,Aspire,SN-rIYV-32133,Zachary Robinson,Rebecca Kelly,2025-09-27,Network,Screen,Compare or south recently.,BIOS Update,Cooling Fan,5.37,422.96,Pass,Alyssa Haynes,No,Pending,Houston,Kingston,No,4
RP000138,DV15992,Desktop,Asus,ThinkPad,SN-ZFIt-99293,Andrew Brown,Alicia Woods,2024-12-14,Hardware,Screen,Truth cut candidate response try.,Cleaning,Power Supply,3.3,197.14,Pass,Erica Johnson,No,Cancelled,Houston,Western Digital,No,3
RP000139,DV74044,Workstation,Apple,ThinkPad,SN-exTQ-92185,Brian Turner,Christopher Fry,2024-09-24,Network,SSD,Power company why really up skin.,Software Installation,WiFi Card,2.25,717.02,Pass,Kevin Thompson,Yes,Completed,Dallas,Samsung,No,2
RP000140,DV92667,Laptop,Asus,ThinkPad,SN-SKzX-44220,Amanda Guzman,Tracy Walker,2025-11-19,Hardware,Battery,Bit many former back get floor.,Cleaning,WiFi Card,4.05,513.38,Fail,Tracey Underwood,No,Completed,Dallas,Seagate,No,1
RP000141,DV12192,Server,Acer,EliteBook,SN-pSew-57043,Brian Smith,Nicholas Costa,2025-01-17,Hardware,Power Supply,Manage her national big look.,Component Repair,Power Supply,8.16,732.33,Pass,Marilyn Mcdaniel,Yes,Cancelled,Houston,Intel,Yes,5
RP000142,DV79003,Server,Lenovo,MacBook Pro,SN-buqg-27104,Christopher Bennett,Kimberly Villanueva,2025-10-28,Hardware,Keyboard,Full world throw.,OS Reinstallation,WiFi Card,5.87,792.67,Pass,Jessica Valdez,No,Cancelled,Dallas,Dell Parts,Yes,1
RP000143,DV63120,Workstation,Acer,MacBook Pro,SN-vnmA-96201,Miranda Blair,Douglas Young,2025-06-20,Hardware,Motherboard,Hotel near make.,Firmware Update,Battery,1.29,684.0,Fail,Aaron Miller,Yes,Cancelled,Dallas,Intel,Yes,5
RP000144,DV72324,Laptop,Dell,ZenBook,SN-nkOs-97310,Kara Wilson,Kaitlin Jacobson,2025-10-09,Network,Power Supply,Before name continue those.,Cleaning,RAM Module,2.2,687.82,Pass,Jeremy Baker,Yes,Cancelled,Houston,Dell Parts,No,1
RP000145,DV49226,Desktop,Acer,MacBook Pro,SN-djWS-74349,Angelica Cooper,Tracy Lawrence,2026-01-28,Display,Keyboard,Article hit mission whole reach view.,OS Reinstallation,Battery,8.01,566.98,Pass,Cynthia Evans,No,Completed,Dallas,Western Digital,Yes,1
RP000146,DV54642,Workstation,Lenovo,Latitude,SN-ZKRN-60898,Travis Cole,Carol Lewis,2024-11-01,Network,WiFi Card,Call interest write itself.,OS Reinstallation,Motherboard,3.88,755.86,Fail,Lori Flowers MD,Yes,Cancelled,Phoenix,Samsung,No,2
RP000147,DV19634,Server,Hp,MacBook Pro,SN-JurH-11686,Shane Buchanan,Kelly Barnes,2026-04-20,Software,Operating System,Change note old who beyond.,BIOS Update,Cooling Fan,1.51,53.9,Fail,Richard Floyd,No,Pending,Austin,Samsung,Yes,1
RP000148,DV34561,Workstation,Acer,Aspire,SN-PFKM-85646,Christopher Powell,Melanie Morales,2025-04-28,Display,Operating System,Threat former down second TV.,Replace Component,RAM Module,1.35,465.66,Fail,Alicia Roth,No,Completed,Austin,Western Digital,No,1
RP000149,DV83339,Desktop,Asus,MacBook Pro,SN-oitV-44471,Roger Adams,Matthew Lopez,2025-11-07,Software,SSD,Tree imagine machine might.,BIOS Update,Keyboard,3.05,159.45,Pass,Anthony Moody,No,Pending,Phoenix,Kingston,No,1
RP000150,DV57333,Desktop,Asus,ZenBook,SN-XHKb-14862,Shaun Gonzalez,Andrew Williams,2025-10-29,Power,Cooling Fan,Relate ever statement measure play.,Cleaning,Motherboard,4.85,151.62,Pass,Andre Watson,No,Pending,Phoenix,Kingston,No,3
RP000151,DV66441,Desktop,Lenovo,EliteBook,SN-Jwwk-97279,Deanna Rivas,Alexander Williams,2024-09-15,Display,Battery,Sister Democrat determine different deal prepare.,OS Reinstallation,Cooling Fan,2.19,348.68,Fail,Sharon Coffey,No,Cancelled,Phoenix,Seagate,Yes,3
RP000152,DV59290,Workstation,Lenovo,Latitude,SN-Zaoq-07229,Terri Marquez,Desiree Woodard,2025-09-29,Display,Battery,Learn design few minute perhaps.,Cleaning,Battery,6.98,462.57,Fail,Adrienne Key,Yes,Pending,Austin,Dell Parts,Yes,4
RP000153,DV98208,Desktop,Asus,EliteBook,SN-tRgE-58994,William Davidson,Debbie Dawson,2025-02-17,Software,Screen,Could military drive arm.,Firmware Update,Battery,7.29,641.81,Pass,Rhonda Powell,No,Cancelled,Phoenix,Seagate,No,5
RP000154,DV76402,Workstation,Acer,Latitude,SN-qAzy-52074,Lauren Cooley,Grace Reeves,2024-08-04,Network,Power Supply,Point little wait grow feel color.,Cleaning,SSD Drive,1.54,236.17,Fail,Kristin Carter,Yes,Cancelled,Dallas,Seagate,No,3
RP000155,DV66420,Laptop,Dell,EliteBook,SN-RvPf-72482,Daniel Savage,Stephen Watson,2026-03-27,Software,Power Supply,Family surface like term on want.,Firmware Update,Motherboard,4.73,343.35,Pass,Steve Mason,No,Completed,Phoenix,Samsung,No,4
RP000156,DV21253,Desktop,Lenovo,EliteBook,SN-jimv-68460,Keith Knox,Eugene Baldwin,2026-03-17,Network,WiFi Card,Maintain piece computer.,Component Repair,Motherboard,5.45,311.23,Pass,Abigail Hill,No,Cancelled,Phoenix,Kingston,Yes,3
RP000157,DV15856,Laptop,Dell,EliteBook,SN-iNBO-29271,Jeffrey Woods,Joseph Cross,2024-07-16,Hardware,SSD,Throughout series most.,Firmware Update,Motherboard,5.4,463.93,Fail,Aaron Gross,No,Pending,Houston,Western Digital,Yes,2
RP000158,DV93948,Workstation,Apple,Latitude,SN-yGLt-35421,Rodney Evans,Nicholas Carlson,2024-09-08,Display,Battery,Its rather card you majority.,OS Reinstallation,Power Supply,4.19,578.55,Pass,Carmen Meadows,No,Cancelled,Dallas,Seagate,Yes,5
RP000159,DV34505,Server,Hp,MacBook Pro,SN-nUbL-60332,Barbara Dawson,Jaime Bowman,2025-07-04,Hardware,Screen,Perhaps order answer blue structure answer.,Firmware Update,WiFi Card,5.51,529.33,Fail,Jeremy Martinez,No,Cancelled,Dallas,Kingston,No,4
RP000160,DV90918,Server,Acer,Aspire,SN-tAQg-47230,Debra Obrien,Ronald Garcia,2026-01-18,Hardware,SSD,Brother box blood cup current enjoy.,BIOS Update,SSD Drive,2.77,137.71,Fail,Christina Warner,Yes,Cancelled,Phoenix,Western Digital,Yes,5
RP000161,DV60293,Desktop,Apple,ZenBook,SN-nSEv-42087,Adam Davis,Kenneth Snyder,2025-05-06,Display,SSD,Single avoid rich.,Cleaning,Battery,5.15,155.22,Fail,Maria Bryant,No,Cancelled,Dallas,Kingston,Yes,4
RP000162,DV27895,Workstation,Acer,Aspire,SN-lcsx-44701,Emily Rodgers,Peter Williams,2025-12-26,Power,Operating System,Professional color group.,Firmware Update,WiFi Card,4.45,679.92,Fail,Marco Johns,Yes,Completed,Dallas,Intel,No,1
RP000163,DV46025,Server,Hp,MacBook Pro,SN-zzDr-15521,Melissa Mendoza,Stephen Jackson,2025-11-25,Display,WiFi Card,Receive around wall.,Cleaning,SSD Drive,5.94,250.92,Fail,Jason Garza,Yes,Cancelled,Phoenix,Seagate,Yes,4
RP000164,DV23423,Desktop,Lenovo,Latitude,SN-XwNb-97296,Sheryl Acosta,Karen Freeman,2024-09-12,Power,Screen,Key as pressure actually than.,BIOS Update,SSD Drive,4.67,795.47,Pass,Natasha Cummings,Yes,Cancelled,Austin,Dell Parts,No,2
RP000165,DV90760,Desktop,Hp,Latitude,SN-gBQU-35889,Gregory Rhodes,Ryan Grant,2026-02-21,Display,Keyboard,Approach poor church support system thank.,Cleaning,Keyboard,6.17,176.28,Fail,John Allen,No,Cancelled,Austin,Seagate,Yes,2
RP000166,DV63948,Server,Asus,ThinkPad,SN-Pyzp-40838,Jeremy Berry,Jonathan Stewart,2026-05-14,Software,Battery,Seat adult idea along near stay.,Software Installation,Cooling Fan,8.37,621.11,Fail,Tracey Walsh,No,Completed,Austin,Dell Parts,No,4
RP000167,DV69243,Laptop,Apple,Aspire,SN-xdoD-88375,Randall Greene,Heidi Chavez,2026-04-27,Network,Keyboard,Service develop game.,OS Reinstallation,WiFi Card,3.61,51.85,Pass,Tracey Carter,No,Cancelled,Austin,Samsung,No,2
RP000168,DV66314,Workstation,Lenovo,EliteBook,SN-FiTV-85102,Ashley Carr,Timothy Long,2025-12-09,Network,Keyboard,Station course full serious another.,Cleaning,Battery,5.88,414.0,Fail,Megan Martinez,Yes,Completed,Dallas,Dell Parts,No,1
RP000169,DV26284,Workstation,Apple,Latitude,SN-FaHV-77982,Timothy Roberson,Mr. Thomas Thompson,2026-02-02,Power,Battery,Community spring billion price paper focus.,Firmware Update,Battery,8.88,276.4,Fail,Jennifer Lynch,Yes,Cancelled,Austin,Kingston,Yes,3
RP000170,DV97098,Desktop,Dell,MacBook Pro,SN-CZii-34654,Michael Goodman,Michael Valencia,2024-09-17,Network,Battery,Plan cut person fact generation public.,OS Reinstallation,SSD Drive,7.19,50.81,Fail,Miss Tina Gordon,Yes,Completed,Houston,Seagate,No,1
RP000171,DV11056,Server,Dell,MacBook Pro,SN-LKQT-51587,Paul Skinner,Ryan Stokes,2024-07-31,Software,WiFi Card,Blood herself apply argue environment size.,Replace Component,Motherboard,4.14,598.07,Pass,Miss Brianna Brown,Yes,Pending,Austin,Kingston,Yes,4
RP000172,DV27451,Desktop,Dell,Aspire,SN-CgNR-43805,Sharon Newton,Cynthia Mueller,2024-09-25,Display,Motherboard,Realize another high indicate.,Cleaning,Battery,4.68,591.82,Pass,Melinda Church,No,Cancelled,Phoenix,Intel,Yes,1
RP000173,DV28351,Workstation,Lenovo,MacBook Pro,SN-XCoO-00439,Maria Fischer,Lindsey Parsons,2026-03-09,Network,SSD,Family concern radio cost.,Software Installation,Keyboard,6.62,236.13,Fail,Jose Bennett,Yes,Cancelled,Austin,Intel,Yes,4
RP000174,DV48737,Laptop,Hp,MacBook Pro,SN-kLqa-64842,Michael Moore,Frank Williams,2024-09-20,Power,RAM,Past product make of group six fish.,Software Installation,WiFi Card,6.56,103.26,Pass,Clinton Jones,No,Pending,Houston,Western Digital,No,3
RP000175,DV81612,Desktop,Apple,Latitude,SN-zfwo-82688,Mary Rivera,Travis Montgomery,2024-08-13,Hardware,Cooling Fan,You statement wonder across protect knowledge.,Replace Component,RAM Module,2.99,79.87,Pass,Lisa Oliver,No,Cancelled,Austin,Dell Parts,No,4
RP000176,DV62727,Desktop,Lenovo,Latitude,SN-qIUs-05616,Jose Townsend,Katie Tucker,2026-04-20,Network,RAM,Together court message way.,Cleaning,Motherboard,9.76,166.53,Fail,Tyler Medina,No,Cancelled,Dallas,Kingston,No,2
RP000177,DV17589,Laptop,Apple,Latitude,SN-gnIS-01336,Natalie Graham,Andrea Parks,2025-11-05,Power,Cooling Fan,Learn forward beautiful.,Cleaning,RAM Module,3.44,606.27,Pass,Robert Grant,Yes,Completed,Houston,Dell Parts,Yes,2
RP000178,DV75065,Server,Hp,EliteBook,SN-COzB-93466,James Wilson,Nathan Brown,2025-07-23,Software,Screen,Animal summer group me face rate.,Firmware Update,SSD Drive,7.83,72.02,Fail,Diane Mcintosh,No,Cancelled,Dallas,Kingston,Yes,4
RP000179,DV69663,Server,Dell,MacBook Pro,SN-IoiV-66072,Robert Gardner,Brianna Byrd,2025-02-05,Display,SSD,Whatever action themselves center among.,BIOS Update,Battery,2.92,127.18,Pass,Jennifer Kelley,Yes,Cancelled,Dallas,Samsung,Yes,2
RP000180,DV16026,Server,Apple,ThinkPad,SN-APGj-14353,Daniel Davenport,Christopher Marsh,2025-03-17,Software,Motherboard,Surface usually yes.,Cleaning,Power Supply,2.63,236.2,Fail,Joshua Roberts,No,Completed,Austin,Samsung,Yes,2
RP000181,DV39253,Laptop,Apple,Latitude,SN-Fvwi-14139,Cynthia Mitchell,Corey Tucker,2025-01-31,Power,Screen,Pattern figure once not hair.,Component Repair,Keyboard,3.61,464.82,Pass,Jeffrey Smith,No,Completed,Austin,Seagate,No,5
RP000182,DV41795,Server,Acer,MacBook Pro,SN-iRUv-33645,Julie Howard,Juan Thompson,2025-03-25,Software,Power Supply,Bank exactly step through cultural safe.,Component Repair,Motherboard,1.93,749.3,Pass,Monica Mcclain,Yes,Cancelled,Austin,Dell Parts,Yes,3
RP000183,DV10191,Workstation,Asus,ZenBook,SN-XLnc-80996,Kimberly Lutz,Reginald Diaz,2024-09-08,Network,RAM,Through operation tax card.,Software Installation,Motherboard,4.49,770.89,Pass,Ann Cox,No,Completed,Dallas,Intel,No,3
RP000184,DV70091,Laptop,Acer,ThinkPad,SN-iCkl-03928,Krystal Brennan,Nicholas Crosby,2026-04-18,Power,RAM,Despite maintain as.,Cleaning,RAM Module,4.63,773.16,Pass,Andrew Clark,No,Pending,Austin,Western Digital,No,3
RP000185,DV69343,Desktop,Dell,ThinkPad,SN-cPug-56770,Kelly Gallegos,Deborah Stephens,2025-10-08,Software,Cooling Fan,Heavy her onto together.,Replace Component,Battery,1.5,387.18,Fail,David Kaufman,No,Completed,Austin,Intel,No,3
RP000186,DV70731,Laptop,Dell,ThinkPad,SN-FYEM-38655,Stephen Gonzales,Jose Campbell,2025-10-15,Network,Cooling Fan,Cost gun response.,Replace Component,Motherboard,8.44,295.85,Pass,David Shepherd,Yes,Pending,Phoenix,Seagate,Yes,3
RP000187,DV44100,Laptop,Apple,MacBook Pro,SN-LkPA-17773,Andrew Berry,Mark Williams,2026-01-16,Display,Power Supply,Chair coach two might if wide.,Software Installation,SSD Drive,4.89,652.92,Pass,Sherry Luna,Yes,Completed,Dallas,Intel,Yes,2
RP000188,DV62505,Laptop,Acer,Aspire,SN-EEko-41379,Lindsay Norton,Catherine Keller,2025-06-27,Network,RAM,Cold rate two others.,Replace Component,SSD Drive,2.38,534.49,Pass,James Anderson,Yes,Pending,Dallas,Samsung,No,1
RP000189,DV32018,Workstation,Asus,MacBook Pro,SN-jMgl-03886,Lucas Williams,Kathy Wilson,2024-12-03,Power,Motherboard,Process top much ability visit question.,OS Reinstallation,Power Supply,2.14,211.04,Pass,Jason Golden,No,Pending,Phoenix,Intel,Yes,5
RP000190,DV91156,Desktop,Asus,EliteBook,SN-wLZV-86376,Sara Johnston,David Cannon,2024-10-20,Power,Operating System,Exist theory impact.,Cleaning,WiFi Card,1.08,259.83,Pass,Michael Clarke,No,Completed,Houston,Dell Parts,Yes,4
RP000191,DV57069,Workstation,Lenovo,Aspire,SN-yPnS-98180,Jennifer Rodriguez,Kevin Green,2025-03-09,Display,Keyboard,Interest hand every quite sense including.,OS Reinstallation,Keyboard,2.21,289.16,Pass,Karen Wood,Yes,Pending,Dallas,Western Digital,No,5
RP000192,DV40508,Laptop,Hp,ZenBook,SN-wXTz-87449,Sarah Hopkins,Jillian Lyons,2026-01-31,Software,Screen,Beyond meet skill song.,Cleaning,RAM Module,7.76,760.85,Fail,Melinda Williams,No,Completed,Houston,Intel,No,3
RP000193,DV87537,Server,Acer,Aspire,SN-MBfe-60127,Jacob Lynch,Tara Morales,2026-06-15,Software,Cooling Fan,Expert white arm similar compare manager.,Software Installation,WiFi Card,5.65,181.67,Pass,Samuel Galvan,Yes,Completed,Houston,Seagate,Yes,1
RP000194,DV79002,Laptop,Lenovo,Aspire,SN-GHSo-84309,Megan Ward,Vanessa Miller,2025-03-11,Software,SSD,Sister good house only.,BIOS Update,Battery,9.23,683.21,Fail,Nancy Jones,Yes,Completed,Houston,Seagate,Yes,1
RP000195,DV78982,Laptop,Lenovo,ZenBook,SN-wwro-18489,Cheyenne Spears,Debbie Russell,2025-07-05,Power,Cooling Fan,Next me future.,Replace Component,Cooling Fan,3.37,152.34,Pass,Jose Scott,No,Cancelled,Phoenix,Dell Parts,No,2
RP000196,DV83659,Server,Hp,ZenBook,SN-KEXp-89476,Tonya Ellis,Kevin Johnson,2024-08-02,Display,SSD,Election him small.,OS Reinstallation,Keyboard,7.47,270.89,Pass,Michael Mcbride,Yes,Cancelled,Phoenix,Seagate,Yes,2
RP000197,DV88956,Desktop,Asus,Aspire,SN-Sqps-65880,Michael Nicholson,Timothy Woods,2025-08-22,Hardware,WiFi Card,Despite off consumer second us.,Software Installation,Cooling Fan,7.58,228.5,Fail,Omar Young,Yes,Cancelled,Dallas,Dell Parts,No,4
RP000198,DV11493,Desktop,Hp,ZenBook,SN-pNwj-34333,Barbara Miller,Katherine Smith,2025-10-15,Hardware,Keyboard,When summer he firm together thing.,BIOS Update,SSD Drive,7.34,86.11,Fail,Denise White,No,Completed,Phoenix,Western Digital,No,3
RP000199,DV81568,Laptop,Apple,Aspire,SN-idHZ-84639,Todd Johnson,Scott Parsons,2025-06-24,Software,SSD,With recently least ready activity.,OS Reinstallation,SSD Drive,8.09,75.06,Pass,Kevin Nguyen,No,Pending,Dallas,Samsung,No,2
RP000200,DV59212,Laptop,Acer,Latitude,SN-prEN-94284,Clinton Coleman,Paul Diaz,2026-01-30,Network,Cooling Fan,Evidence conference capital office direction.,Cleaning,WiFi Card,7.19,373.49,Pass,Devin Young,No,Completed,Dallas,Samsung,No,2
RP000201,DV34901,Server,Asus,EliteBook,SN-EZal-66322,Chad Barry,Kimberly Stewart,2025-05-20,Network,Battery,Feel no nothing huge real art.,Replace Component,RAM Module,4.23,462.25,Fail,Karen Soto,Yes,Completed,Austin,Samsung,No,1
RP000202,DV48607,Workstation,Hp,Latitude,SN-JJZq-75455,Jason Bell,Lisa Ray,2024-09-04,Hardware,Battery,Company sister great pull maintain say.,Software Installation,Keyboard,9.78,405.18,Pass,Jane Mitchell,No,Pending,Phoenix,Western Digital,No,1
RP000203,DV94130,Workstation,Hp,EliteBook,SN-Kzef-22569,Darren Stewart,Derek Newman,2025-01-02,Power,Keyboard,Thought sit voice security.,Software Installation,WiFi Card,0.92,379.81,Fail,Joanna Jackson,Yes,Pending,Dallas,Intel,Yes,1
RP000204,DV97574,Workstation,Acer,ThinkPad,SN-nkzg-02341,Timothy Kennedy,Randy Warren,2025-07-26,Display,Motherboard,Billion peace base.,Component Repair,Power Supply,8.27,363.97,Fail,Jean Perez,Yes,Pending,Austin,Samsung,No,1
RP000205,DV75811,Desktop,Dell,MacBook Pro,SN-kbcQ-47228,Thomas Lin,Seth Donovan,2024-12-06,Software,SSD,Know wide recently computer our piece.,Software Installation,Motherboard,1.7,367.53,Fail,Kristy Mills,Yes,Cancelled,Houston,Seagate,No,3
RP000206,DV18783,Workstation,Acer,MacBook Pro,SN-oZfC-84578,Jason Moore,Joseph Chang,2026-04-15,Display,Keyboard,Gas light across.,Component Repair,Keyboard,5.44,737.87,Pass,Theresa Woods,No,Completed,Phoenix,Intel,Yes,5
RP000207,DV87061,Laptop,Dell,Aspire,SN-YaJx-06493,Stephen Kim,Miguel Brewer,2024-11-24,Hardware,Screen,Determine bad personal might son.,Component Repair,Cooling Fan,8.84,248.1,Fail,Melissa Nelson,No,Completed,Houston,Kingston,No,2
RP000208,DV91034,Workstation,Dell,MacBook Pro,SN-lish-84631,Lisa Nelson,Chelsea Smith,2024-10-28,Network,Battery,Wide against win.,Replace Component,WiFi Card,9.25,722.77,Pass,Calvin Gonzales,No,Pending,Austin,Kingston,No,1
RP000209,DV39878,Server,Asus,MacBook Pro,SN-FnvA-03120,Robert Bolton,Rick Rivera,2026-02-26,Network,Screen,Argue simply author.,Firmware Update,Power Supply,6.25,116.97,Fail,Corey Skinner,Yes,Pending,Phoenix,Seagate,No,1
RP000210,DV77537,Laptop,Lenovo,ZenBook,SN-XCpV-60136,Christina Moss MD,Christine Price,2026-02-01,Display,Operating System,View city rock seat.,Software Installation,RAM Module,2.15,706.39,Pass,Barbara Olson,Yes,Completed,Dallas,Western Digital,Yes,3
RP000211,DV36097,Server,Apple,Aspire,SN-hpOB-43503,Christopher Hill,Richard Smith,2025-10-06,Power,RAM,Ok real read.,Firmware Update,RAM Module,2.8,416.59,Fail,Randy Wright,Yes,Pending,Austin,Kingston,Yes,3
RP000212,DV21847,Laptop,Apple,Latitude,SN-dwPj-71950,Rebecca Martinez,William Kramer,2025-09-25,Software,Cooling Fan,South just cover ready group.,Component Repair,Motherboard,8.64,535.53,Pass,Steven Washington,No,Cancelled,Phoenix,Seagate,Yes,1
RP000213,DV72140,Desktop,Acer,Latitude,SN-mKlI-78487,Nicholas Hill,Suzanne Spencer,2026-02-28,Software,Screen,Most last standard.,Cleaning,Keyboard,7.27,582.03,Fail,Jordan Parsons,No,Pending,Austin,Western Digital,No,2
RP000214,DV71171,Workstation,Acer,Latitude,SN-xXNp-86209,Arthur Coffey,Cheryl Vega,2025-09-07,Hardware,Power Supply,Child executive important focus benefit probably.,Firmware Update,Cooling Fan,5.83,495.33,Fail,Todd White,No,Cancelled,Dallas,Western Digital,Yes,3
RP000215,DV46239,Server,Lenovo,EliteBook,SN-gcKP-03173,Mary Fox,Dawn Diaz,2024-09-26,Network,Battery,Responsibility actually TV pretty up story.,Software Installation,Motherboard,9.05,654.07,Fail,Mark Ward,No,Cancelled,Houston,Dell Parts,Yes,4
RP000216,DV48745,Workstation,Apple,MacBook Pro,SN-HcUe-65094,Angela Lewis,Ashley Hall,2025-10-21,Hardware,Cooling Fan,Country moment eat personal condition.,Firmware Update,Motherboard,3.76,585.03,Fail,Jennifer Garcia,No,Cancelled,Austin,Intel,Yes,3
RP000217,DV22793,Desktop,Asus,EliteBook,SN-kYlJ-95761,George Moore,Mrs. Heather Edwards DVM,2025-03-18,Display,SSD,Suddenly include plan step food.,Firmware Update,Cooling Fan,6.72,216.69,Pass,Joshua Brooks,No,Pending,Austin,Kingston,No,5
RP000218,DV48541,Laptop,Apple,Latitude,SN-zaUc-84577,Ms. Kelly Holder,Eric Walker,2025-03-26,Display,Cooling Fan,Against state ready every network.,Cleaning,SSD Drive,4.99,195.91,Pass,Tammy Moore,No,Cancelled,Austin,Western Digital,Yes,2
RP000219,DV28004,Server,Apple,Aspire,SN-qxLp-07522,Robert Davis,Thomas Navarro,2025-12-20,Power,SSD,Society common stay ready office.,BIOS Update,Battery,7.9,415.69,Pass,Linda Evans,No,Cancelled,Dallas,Samsung,No,3
RP000220,DV37444,Desktop,Apple,Latitude,SN-wBAh-96105,Cristina Delgado,Alexandra Waters,2026-01-22,Software,Cooling Fan,Approach modern floor north force.,OS Reinstallation,Power Supply,4.33,774.0,Fail,Brittany Nunez,Yes,Completed,Houston,Dell Parts,No,1
RP000221,DV52233,Desktop,Dell,ZenBook,SN-foBs-67998,Brittany Rogers,Patrick Kelley,2025-01-16,Hardware,Battery,Be maybe similar candidate.,Software Installation,Cooling Fan,3.46,127.03,Fail,Justin Freeman,Yes,Completed,Dallas,Kingston,No,4
RP000222,DV78195,Server,Apple,ZenBook,SN-pper-93898,Erica Glass,Michael Henderson,2024-11-10,Software,Keyboard,Couple general pretty show college.,OS Reinstallation,Cooling Fan,7.63,173.66,Fail,Roberto Lang,Yes,Completed,Houston,Dell Parts,Yes,2
RP000223,DV12872,Desktop,Dell,EliteBook,SN-mRxj-92703,Sarah Rodriguez,Travis Mcintosh,2024-11-17,Hardware,Operating System,Add really born late.,Firmware Update,Keyboard,7.83,517.35,Pass,Daniel Medina,Yes,Cancelled,Dallas,Samsung,Yes,4
RP000224,DV68237,Laptop,Acer,EliteBook,SN-ENUj-38848,Mary Bennett,Kelsey Scott,2025-06-19,Power,SSD,Exist smile peace.,Software Installation,RAM Module,3.36,546.25,Fail,Matthew Smith,Yes,Pending,Dallas,Seagate,Yes,3
RP000225,DV24943,Workstation,Hp,Aspire,SN-sPyo-64510,Katie Mckinney,Kari Harper,2026-03-27,Software,Screen,Cost may leader.,Component Repair,Motherboard,3.9,357.32,Pass,Alison Wright,Yes,Cancelled,Phoenix,Intel,No,3
RP000226,DV40737,Laptop,Asus,Latitude,SN-Vkbw-84576,Heather Turner,Veronica Hill MD,2026-07-11,Hardware,Cooling Fan,These three spring ahead.,Firmware Update,WiFi Card,1.92,117.56,Pass,Diana Hernandez,Yes,Pending,Houston,Western Digital,No,3
RP000227,DV70853,Laptop,Hp,Latitude,SN-RNOR-62168,David Hernandez,Susan Murphy,2026-05-23,Network,Keyboard,Capital present ok range dark catch.,Component Repair,Cooling Fan,4.55,136.93,Pass,Stephanie Browning,Yes,Completed,Houston,Kingston,No,4
RP000228,DV91501,Laptop,Lenovo,EliteBook,SN-eJIU-62925,Evan Hobbs,Pamela Beard,2025-10-12,Software,RAM,Which field seat start PM.,OS Reinstallation,Power Supply,9.64,253.87,Fail,Brittany Lopez,No,Pending,Houston,Samsung,Yes,1
RP000229,DV30892,Workstation,Acer,MacBook Pro,SN-rMKN-22099,David Mcdaniel,Michael Woods,2026-03-29,Display,WiFi Card,Suffer light power contain hold listen.,Software Installation,Power Supply,7.9,508.52,Pass,Darrell Ortiz,No,Pending,Dallas,Western Digital,No,1
RP000230,DV18301,Server,Dell,ZenBook,SN-Wnel-04633,Victoria Camacho,Frederick Ellis II,2025-10-19,Display,Cooling Fan,Simply part station result hour.,Firmware Update,Motherboard,9.79,552.38,Fail,Laura Herrera,Yes,Pending,Houston,Western Digital,No,4
RP000231,DV29484,Laptop,Dell,ZenBook,SN-cpHI-08177,Nicholas Grant,Lydia Williams,2024-12-19,Software,Power Supply,Keep this similar experience.,Component Repair,WiFi Card,8.59,702.06,Pass,Edward Ellison,No,Pending,Houston,Kingston,No,1
RP000232,DV76444,Workstation,Apple,ThinkPad,SN-UGhl-82771,Teresa Horton,Jason Hayes,2025-11-27,Hardware,WiFi Card,Law to time think.,OS Reinstallation,WiFi Card,1.34,423.84,Fail,Fred Wong,Yes,Pending,Dallas,Samsung,No,4
RP000233,DV14696,Laptop,Dell,Aspire,SN-OxfH-21117,Monica Hester,Caitlin Pierce,2024-12-20,Display,Screen,Should treatment not.,Cleaning,Motherboard,6.72,392.16,Fail,Brittany Melton,No,Completed,Houston,Western Digital,No,5
RP000234,DV91232,Workstation,Asus,ZenBook,SN-UXCs-20644,Autumn Anderson,Marcus King,2024-11-06,Network,WiFi Card,Marriage material space part management.,Replace Component,SSD Drive,7.71,216.31,Fail,Matthew Chavez,No,Cancelled,Austin,Seagate,No,1
RP000235,DV16000,Workstation,Hp,ZenBook,SN-pJrN-71990,Samantha Clark,Anthony Bailey,2026-01-26,Power,RAM,Take project study.,BIOS Update,Motherboard,2.28,747.66,Fail,Thomas Williams,Yes,Pending,Houston,Dell Parts,No,1
RP000236,DV64325,Laptop,Apple,MacBook Pro,SN-QSSM-62249,Kristina Burch,Heather Johnson,2026-05-27,Display,Power Supply,Follow today star serve.,Software Installation,WiFi Card,0.54,602.16,Fail,Ana Ruiz,No,Cancelled,Houston,Dell Parts,Yes,2
RP000237,DV23573,Server,Acer,MacBook Pro,SN-HnSn-14586,Ashley Blair,Victoria Webb,2025-06-12,Power,Cooling Fan,Value worry expert participant first moment.,Firmware Update,Motherboard,3.1,772.7,Fail,Heather Anderson DDS,No,Completed,Houston,Western Digital,No,5
RP000238,DV51144,Desktop,Hp,ThinkPad,SN-oTsm-87729,Alexander Garrett,Ryan Marsh,2024-07-15,Display,Screen,Increase free night point action.,Firmware Update,Cooling Fan,9.25,149.5,Pass,Douglas Tyler,No,Cancelled,Dallas,Kingston,No,5
RP000239,DV84794,Workstation,Asus,ZenBook,SN-XahR-44885,James Carroll,Sandra Lee,2024-08-29,Display,Screen,Two look listen along career.,Component Repair,Power Supply,8.18,442.05,Pass,Joe Grimes,No,Completed,Dallas,Dell Parts,Yes,2
RP000240,DV44993,Server,Asus,EliteBook,SN-tKUR-57608,Joshua Clark,Rebecca Barron,2026-01-30,Software,Motherboard,At chance subject fund heart.,Firmware Update,Keyboard,2.44,455.88,Fail,Carol Obrien,No,Completed,Houston,Dell Parts,No,2
RP000241,DV76967,Server,Asus,ZenBook,SN-TcrA-29145,Shawn Watson,Elizabeth Warren,2024-07-31,Hardware,Operating System,Born size sing tree.,OS Reinstallation,Power Supply,9.59,781.87,Fail,Alexander Webb,Yes,Completed,Austin,Intel,No,2
RP000242,DV93071,Server,Acer,Aspire,SN-UHtX-82357,Randy Garcia,Ms. Wendy Harris,2024-07-22,Display,Battery,Least require mission.,Component Repair,Motherboard,3.29,183.07,Pass,Timothy Mcdaniel,Yes,Completed,Dallas,Western Digital,Yes,4
RP000243,DV46583,Server,Hp,ThinkPad,SN-gHXQ-91570,Alison Blake,Christine Gonzalez,2024-12-21,Display,Screen,Everybody five kid brother.,Replace Component,Cooling Fan,4.93,753.12,Pass,Donald Smith,Yes,Pending,Dallas,Dell Parts,No,4
RP000244,DV85061,Server,Dell,ZenBook,SN-IwJu-98813,Tony Brock,Carolyn Collins,2024-12-27,Network,Power Supply,Music anything ahead tough anyone.,Software Installation,Battery,5.45,639.69,Pass,Brandon Myers,No,Cancelled,Phoenix,Samsung,No,2
RP000245,DV37964,Server,Lenovo,EliteBook,SN-tvmT-99795,Rhonda Miller,Pamela Bradley,2024-09-02,Network,Battery,Spend turn life.,Component Repair,WiFi Card,9.97,667.77,Pass,Michael Mckinney,Yes,Cancelled,Austin,Western Digital,Yes,5
RP000246,DV91412,Laptop,Asus,EliteBook,SN-Nqxz-77332,Thomas Rivera,Erika Freeman,2025-11-06,Power,RAM,Little goal leave.,OS Reinstallation,Keyboard,5.63,262.12,Fail,Randy Munoz,No,Pending,Dallas,Kingston,Yes,3
RP000247,DV77357,Laptop,Hp,Aspire,SN-uJPe-28161,Kim Morales,Marc Kelley,2026-04-20,Display,Motherboard,Himself future sport opportunity six itself.,Firmware Update,SSD Drive,2.5,522.14,Pass,Kimberly Young,No,Completed,Houston,Seagate,No,1
RP000248,DV99921,Laptop,Apple,ZenBook,SN-MDuJ-19719,Jeremy Parker,Kyle Jennings,2026-02-06,Network,Motherboard,Side her management produce bed stage.,Replace Component,SSD Drive,1.02,645.66,Pass,Stephanie Fields,Yes,Pending,Phoenix,Western Digital,No,4
RP000249,DV66757,Laptop,Apple,ZenBook,SN-syNK-02278,Daniel Rich,Robert Frazier,2025-08-24,Hardware,Power Supply,Response trip wrong old particularly.,Replace Component,SSD Drive,7.68,489.21,Pass,Sarah Phelps,No,Cancelled,Dallas,Kingston,No,5
RP000250,DV21338,Workstation,Apple,MacBook Pro,SN-TJwh-05800,Sharon Young,Jennifer Flores,2025-09-28,Hardware,WiFi Card,Image itself deep community cause.,Software Installation,Motherboard,1.8,343.24,Fail,Sarah Ward,Yes,Pending,Austin,Samsung,Yes,1
RP000251,DV15475,Workstation,Acer,Aspire,SN-aePb-62422,Stephen Barrett,Brandy Taylor,2026-07-08,Hardware,Screen,Team throw receive us perhaps.,Software Installation,Cooling Fan,2.51,729.22,Pass,Jeff Wilkins,Yes,Completed,Houston,Seagate,No,2
RP000252,DV25023,Laptop,Acer,MacBook Pro,SN-MaKF-65326,Cynthia Shaw,Joshua Richardson,2026-01-09,Display,RAM,Nothing relate both.,BIOS Update,SSD Drive,2.88,198.06,Fail,Mr. Charles Simon,No,Pending,Houston,Dell Parts,Yes,1
RP000253,DV47373,Laptop,Hp,EliteBook,SN-NfpE-47818,Mary Barnett,Kimberly Riley,2024-10-17,Power,WiFi Card,Apply gas sing light mention light.,BIOS Update,Keyboard,7.09,164.3,Fail,Jennifer Yu,No,Pending,Houston,Samsung,No,2
RP000254,DV39035,Workstation,Lenovo,EliteBook,SN-VtUY-44209,Amy Kennedy,Anthony Mooney,2024-07-14,Software,Keyboard,Agree machine camera baby six edge.,OS Reinstallation,WiFi Card,4.73,631.08,Fail,Denise Scott,Yes,Completed,Dallas,Kingston,Yes,5
RP000255,DV35746,Laptop,Asus,Latitude,SN-QCxZ-19292,Richard Young,Joseph Johnson,2025-10-17,Hardware,Power Supply,Whose other start.,Firmware Update,RAM Module,8.22,484.18,Pass,Nicole Gutierrez,Yes,Cancelled,Austin,Seagate,No,2
RP000256,DV57948,Desktop,Acer,ZenBook,SN-KUwd-63723,Nicole Wilson,James Turner,2025-06-07,Network,SSD,Do raise hope enjoy most itself.,OS Reinstallation,SSD Drive,4.27,426.63,Pass,Robert Reyes,Yes,Cancelled,Houston,Western Digital,Yes,2
RP000257,DV84233,Desktop,Asus,ZenBook,SN-OwBN-58018,Shannon Rogers,Brett Pena,2024-12-11,Power,Keyboard,Leave push drop public side.,Replace Component,Motherboard,7.73,223.81,Fail,Megan Kaiser,No,Completed,Dallas,Dell Parts,Yes,5
RP000258,DV57349,Workstation,Apple,Latitude,SN-aAgH-58001,Jeremy Robinson,Corey Johnson,2025-06-11,Hardware,Keyboard,Arm order thus.,Replace Component,Keyboard,8.43,247.49,Pass,Kyle Martinez,No,Cancelled,Phoenix,Kingston,Yes,5
RP000259,DV42975,Desktop,Acer,MacBook Pro,SN-QWPK-11926,Cathy Rodriguez,Edward Guerrero,2025-06-23,Network,Keyboard,Police two everybody.,OS Reinstallation,WiFi Card,8.93,54.95,Pass,Steven Carrillo,No,Completed,Houston,Samsung,No,2
RP000260,DV29692,Desktop,Lenovo,Aspire,SN-Xdyy-54214,Anthony Sosa,Jeremiah Vasquez,2026-01-03,Hardware,Battery,Particular condition man century.,OS Reinstallation,Cooling Fan,7.34,411.14,Fail,Colleen Schneider,No,Completed,Houston,Dell Parts,No,1
RP000261,DV41938,Desktop,Acer,Aspire,SN-eKUq-74101,Alicia Jimenez,April Johnson,2026-05-30,Software,SSD,Entire record toward off middle.,Firmware Update,RAM Module,8.96,160.15,Pass,Katherine Graham,No,Completed,Phoenix,Seagate,Yes,3
RP000262,DV21239,Workstation,Acer,MacBook Pro,SN-SXEh-18306,Taylor Howard,Jennifer Chen,2025-12-04,Power,SSD,Half table future.,Software Installation,Power Supply,6.21,645.96,Pass,Paige Roberts,No,Completed,Austin,Western Digital,Yes,2
RP000263,DV59572,Desktop,Dell,Latitude,SN-QmtS-32806,Brian Barker,Dr. Jeffrey Lopez,2025-06-14,Software,Power Supply,Cover rest or.,Component Repair,Power Supply,8.35,504.13,Pass,Arthur Fernandez MD,No,Cancelled,Dallas,Seagate,Yes,1
RP000264,DV73208,Desktop,Acer,Aspire,SN-dvYU-87005,Bruce Roman,Judy Gregory,2024-09-06,Hardware,Operating System,Chance often under already center president.,Cleaning,Power Supply,4.02,82.58,Fail,Thomas Williams,Yes,Pending,Phoenix,Kingston,Yes,4
RP000265,DV27548,Workstation,Hp,Latitude,SN-YgDN-20204,Kevin Meyers,Jonathan Lloyd,2025-10-26,Network,Cooling Fan,As dark front structure.,Cleaning,Power Supply,2.95,54.1,Pass,Jennifer Martinez,Yes,Cancelled,Dallas,Western Digital,Yes,3
RP000266,DV63588,Laptop,Hp,MacBook Pro,SN-WcLl-98253,Bryan Thomas,Michael Tran,2025-07-08,Display,Screen,During old card social place.,BIOS Update,Power Supply,5.86,508.91,Fail,Christopher Hobbs,Yes,Pending,Phoenix,Intel,No,5
RP000267,DV82733,Server,Lenovo,Aspire,SN-TPLs-10021,Robert Barton,Christine Bowman,2025-03-05,Network,Operating System,Late dream company reality other response.,Firmware Update,Battery,8.62,544.46,Pass,Anita Serrano,No,Cancelled,Houston,Samsung,Yes,5
RP000268,DV62502,Laptop,Hp,MacBook Pro,SN-pmhH-45608,Lisa Huffman,Ms. Julie Sims,2025-08-01,Hardware,RAM,Everybody create someone rate.,Component Repair,Battery,4.98,500.18,Pass,Kara Thompson,Yes,Pending,Houston,Kingston,Yes,5
RP000269,DV14948,Workstation,Acer,ZenBook,SN-BqvN-00543,Olivia Williams,Tammy Thompson,2025-06-15,Display,Screen,Machine break time.,Firmware Update,RAM Module,9.48,665.17,Fail,Leslie Nguyen,No,Completed,Houston,Dell Parts,No,2
RP000270,DV14405,Desktop,Acer,ThinkPad,SN-ogpV-35315,Curtis Vance,Kevin Brown,2024-11-07,Hardware,Keyboard,Certain until lawyer hold carry.,Software Installation,RAM Module,9.77,115.13,Fail,Lynn Cantrell,No,Pending,Phoenix,Western Digital,Yes,5
RP000271,DV12014,Laptop,Dell,Aspire,SN-drih-35209,Judy Jackson,Stephen Munoz,2024-07-23,Network,Power Supply,Town official need discover in miss.,Cleaning,Cooling Fan,3.8,661.64,Pass,Cindy Wells,Yes,Pending,Phoenix,Seagate,Yes,3
RP000272,DV32942,Laptop,Acer,Latitude,SN-puBL-74063,Timothy Shah,Stephanie Butler,2025-05-23,Display,Screen,Always likely shoulder.,BIOS Update,SSD Drive,8.13,767.53,Fail,Joseph Mendoza,No,Pending,Phoenix,Intel,No,4
RP000273,DV99337,Laptop,Apple,Latitude,SN-JWaS-17731,Tiffany Anderson,Matthew Davis,2025-03-29,Network,RAM,Protect class learn now on with.,OS Reinstallation,Motherboard,6.93,222.45,Fail,Charles Warner,No,Pending,Dallas,Dell Parts,No,2
RP000274,DV47655,Workstation,Asus,ZenBook,SN-ySvH-25701,Jeffery Nelson,Kimberly Norton,2026-04-09,Network,RAM,Per friend usually.,Cleaning,Battery,5.03,315.15,Fail,Susan Cox,Yes,Cancelled,Houston,Western Digital,Yes,2
RP000275,DV41726,Desktop,Hp,ThinkPad,SN-Ncxx-01657,Justin Jones,Christine Zavala,2025-10-15,Software,Cooling Fan,Much power say sell.,BIOS Update,Battery,7.9,139.91,Pass,Michele Mullins,No,Cancelled,Dallas,Seagate,Yes,4
RP000276,DV58653,Server,Apple,Aspire,SN-RBrd-35548,Gregory Tucker,Barbara Mckinney,2024-10-16,Network,WiFi Card,Tonight later happy pull really within.,Software Installation,Keyboard,4.28,612.63,Pass,Chelsea Henson,Yes,Cancelled,Phoenix,Western Digital,Yes,5
RP000277,DV55519,Desktop,Apple,Latitude,SN-egkr-11624,Charles Hernandez,Tristan Johnson,2025-06-05,Display,WiFi Card,Wide must car get kitchen.,BIOS Update,RAM Module,0.61,208.06,Pass,Dorothy Brown,No,Pending,Austin,Intel,No,2
RP000278,DV45311,Server,Lenovo,ThinkPad,SN-vPPY-38569,Kevin Terry,Jill Torres,2025-03-18,Power,Operating System,Together fill smile.,Software Installation,Power Supply,7.16,329.23,Fail,Jacob Roberts,No,Pending,Houston,Seagate,Yes,5
RP000279,DV99916,Laptop,Asus,EliteBook,SN-kNkT-02547,Catherine Thompson,Summer Bauer,2025-11-21,Software,Power Supply,Draw American first call.,OS Reinstallation,Power Supply,2.36,650.03,Pass,Cody Hart,No,Completed,Houston,Western Digital,No,2
RP000280,DV92660,Server,Apple,EliteBook,SN-CIkI-05525,Thomas Sullivan,Mr. Jimmy Flores Jr.,2025-01-30,Network,Power Supply,Wish former relate listen face want.,Component Repair,RAM Module,4.28,567.91,Pass,Ms. Bridget Cunningham,Yes,Pending,Phoenix,Dell Parts,Yes,4
RP000281,DV53864,Server,Lenovo,Aspire,SN-iRJh-75170,James Randall,Brandon Brown,2025-10-20,Display,Screen,On develop very everyone.,BIOS Update,RAM Module,4.41,313.32,Pass,Joshua Griffin,Yes,Pending,Austin,Kingston,No,4
RP000282,DV20277,Server,Apple,ZenBook,SN-uMMG-18637,Susan Ward,Scott Wood,2025-06-18,Software,SSD,Activity general final knowledge night.,Firmware Update,Cooling Fan,4.51,509.23,Fail,Stephen Figueroa,Yes,Completed,Houston,Kingston,Yes,3
RP000283,DV51533,Server,Asus,EliteBook,SN-UAiL-67426,Briana Turner,Kelly Rogers DVM,2024-09-13,Display,Operating System,Series because important trial increase new.,BIOS Update,WiFi Card,7.92,754.08,Fail,Nicole Taylor,No,Completed,Houston,Samsung,Yes,2
RP000284,DV96772,Laptop,Hp,ThinkPad,SN-ctLt-26487,Patrick Walker DDS,Eric Davidson,2025-10-29,Power,RAM,Buy program explain conference trade population.,Replace Component,SSD Drive,9.4,404.89,Pass,Phillip Snyder,Yes,Pending,Dallas,Samsung,No,5
RP000285,DV30352,Workstation,Lenovo,ThinkPad,SN-KBqO-19597,Valerie Cardenas,Nicholas Smith,2026-04-18,Software,Screen,Clear around floor there.,OS Reinstallation,Battery,1.75,678.89,Pass,Christopher Nelson,Yes,Cancelled,Austin,Kingston,No,4
RP000286,DV80855,Workstation,Hp,ZenBook,SN-HOeG-65044,Mark Duran,Carol Morris,2025-10-08,Display,SSD,Step rate feeling rate read.,Cleaning,WiFi Card,6.49,526.89,Fail,Kevin Morrow,No,Pending,Phoenix,Seagate,Yes,1
RP000287,DV67915,Server,Apple,EliteBook,SN-XFAv-02845,Carla Robinson,Sandra Pope,2025-09-01,Software,Screen,Party story moment mother necessary series.,Replace Component,RAM Module,5.47,618.72,Pass,Joe Jones,No,Pending,Phoenix,Seagate,Yes,4
RP000288,DV72530,Laptop,Apple,EliteBook,SN-SxiC-20754,Linda Gallagher,Michael Johnson,2025-09-10,Display,Battery,Develop task central.,Component Repair,RAM Module,5.71,191.43,Fail,Calvin Anderson,No,Completed,Houston,Dell Parts,No,4
RP000289,DV38913,Laptop,Apple,ZenBook,SN-XEWB-16110,Brian Mcguire,Amy Wilson,2025-10-17,Software,Power Supply,Analysis feeling act benefit.,Component Repair,Keyboard,3.2,607.2,Fail,Lance Matthews,No,Completed,Dallas,Intel,Yes,3
RP000290,DV24464,Workstation,Acer,MacBook Pro,SN-jVrL-32501,Christopher Mason,Dana Hudson,2024-09-29,Network,Cooling Fan,Standard shake more.,OS Reinstallation,Motherboard,3.55,164.11,Pass,Tracey Jackson,Yes,Completed,Austin,Kingston,Yes,4
RP000291,DV11075,Laptop,Hp,Latitude,SN-TExS-80138,Jessica Rosario,Henry Gray,2025-11-17,Power,Battery,Method imagine seven fire.,BIOS Update,Power Supply,3.46,649.6,Fail,Joseph Simpson,No,Cancelled,Dallas,Kingston,Yes,2
RP000292,DV17345,Workstation,Dell,Aspire,SN-uFhy-54801,Kyle Collins,Jill Spencer,2025-10-14,Power,SSD,World into task thus.,Software Installation,Keyboard,8.26,671.19,Pass,Teresa Richardson,Yes,Pending,Phoenix,Intel,Yes,2
RP000293,DV70402,Desktop,Apple,MacBook Pro,SN-HQRf-07167,James Neal,Natalie Stafford,2026-04-08,Network,Keyboard,Ask window full organization.,Software Installation,RAM Module,7.57,462.18,Pass,Barbara Massey DDS,No,Pending,Austin,Intel,No,1
RP000294,DV97385,Laptop,Hp,ZenBook,SN-wEQM-49946,Victoria Dixon,Jesse Martinez,2025-12-02,Power,Keyboard,Market pick care between apply attention.,Replace Component,Battery,8.05,488.52,Fail,Valerie Reyes,Yes,Completed,Dallas,Seagate,No,5
RP000295,DV30315,Laptop,Hp,ThinkPad,SN-gWeQ-52499,Patricia Sparks,Matthew Henry,2025-06-28,Power,RAM,My special music adult.,Firmware Update,Cooling Fan,9.34,797.73,Pass,Wanda Beard,Yes,Pending,Houston,Dell Parts,Yes,2
RP000296,DV73942,Server,Acer,ZenBook,SN-CDcc-16756,Matthew Chan,Carly Jordan,2025-11-17,Network,WiFi Card,Resource maintain body push.,Firmware Update,Motherboard,0.7,333.33,Pass,Melissa Armstrong,No,Completed,Phoenix,Dell Parts,No,5
RP000297,DV48628,Workstation,Hp,Aspire,SN-zqFL-78280,Lisa Gomez,Erica Johnson,2025-01-04,Software,Power Supply,Campaign hand special.,BIOS Update,Cooling Fan,7.46,256.49,Pass,Pamela Garrett,Yes,Cancelled,Houston,Western Digital,No,3
RP000298,DV80989,Workstation,Dell,ZenBook,SN-AwdQ-61655,David Collins,Michael Melton,2025-07-03,Display,Operating System,Front after for.,Firmware Update,Battery,8.89,514.8,Fail,Scott Bradley,Yes,Pending,Dallas,Dell Parts,No,2
RP000299,DV78690,Workstation,Acer,ThinkPad,SN-buyK-64079,Kenneth Stokes,Michael Rogers,2024-08-13,Display,Screen,Specific property coach federal wide cut.,BIOS Update,Power Supply,6.59,132.85,Pass,Valerie Jones,Yes,Completed,Houston,Samsung,Yes,1
RP000300,DV73618,Laptop,Dell,Aspire,SN-tKzZ-83440,Patrick Davis,Anna Rogers,2025-12-29,Power,WiFi Card,Note most interview.,Cleaning,Keyboard,0.97,215.54,Pass,Billy Colon,Yes,Completed,Phoenix,Samsung,No,1
RP000301,DV57307,Workstation,Lenovo,ZenBook,SN-mAzq-84685,Jody Hines,Albert Warner,2024-12-19,Hardware,Cooling Fan,Officer defense while score.,BIOS Update,RAM Module,7.48,675.84,Pass,Timothy Patel,Yes,Cancelled,Dallas,Samsung,Yes,5
RP000302,DV60506,Desktop,Acer,ZenBook,SN-mxDj-96908,Paul Cannon,Jennifer Dalton,2025-12-31,Software,Cooling Fan,Plant suffer environment.,Firmware Update,Battery,5.81,468.61,Pass,Christopher Mcdaniel,No,Cancelled,Phoenix,Dell Parts,No,1
RP000303,DV31864,Workstation,Acer,EliteBook,SN-mbpZ-36312,Julie Castro,Matthew Johnson,2026-01-10,Software,Power Supply,Evening ahead smile everyone.,Cleaning,WiFi Card,9.37,726.86,Fail,Maria Williams,No,Pending,Phoenix,Dell Parts,No,5
RP000304,DV41551,Desktop,Apple,Aspire,SN-MteA-70015,Megan Blackwell,Ryan Cameron,2024-12-14,Network,Keyboard,Born same usually miss.,OS Reinstallation,WiFi Card,9.62,50.15,Pass,Tiffany Huynh,No,Cancelled,Dallas,Seagate,Yes,3
RP000305,DV10860,Desktop,Hp,EliteBook,SN-hXZu-47139,Kevin Price,Cynthia Henderson,2025-09-09,Hardware,Screen,Blood degree ever.,Cleaning,Battery,1.4,395.28,Pass,Scott Brown,Yes,Pending,Austin,Seagate,Yes,2
RP000306,DV43586,Laptop,Acer,MacBook Pro,SN-BERp-85158,Sherry Giles,Mike Underwood,2025-09-09,Display,Battery,Population toward alone.,Firmware Update,SSD Drive,7.37,644.68,Pass,Rebecca Brown,No,Cancelled,Dallas,Seagate,No,1
RP000307,DV85534,Laptop,Dell,EliteBook,SN-OSxZ-34864,Kimberly Young,Adam Yu,2025-06-18,Network,Operating System,Feeling view series father.,OS Reinstallation,SSD Drive,8.76,220.04,Pass,Caitlin Gonzales,No,Completed,Austin,Seagate,Yes,3
RP000308,DV80769,Desktop,Lenovo,Aspire,SN-XFEV-56041,Ryan Love,Samantha Holloway,2024-12-12,Software,SSD,Media goal own spend.,Replace Component,Power Supply,9.72,614.63,Pass,Jody Johnson,Yes,Pending,Austin,Western Digital,Yes,2
RP000309,DV54062,Workstation,Acer,ZenBook,SN-zmOt-02720,Bradley Moore,Tracy Rivas,2026-04-20,Hardware,Power Supply,Suggest rate society.,OS Reinstallation,Keyboard,1.31,426.37,Pass,John Moss,Yes,Pending,Houston,Western Digital,No,5
RP000310,DV35703,Desktop,Hp,Latitude,SN-mfAx-42954,Shawn Duffy,Courtney Vaughan,2024-12-16,Network,Operating System,Positive phone trade wind cup red.,BIOS Update,SSD Drive,1.57,360.19,Fail,James Patterson,No,Completed,Austin,Kingston,Yes,3
RP000311,DV32184,Workstation,Acer,ThinkPad,SN-KhaT-42152,Patricia Hebert,Kathleen Walker,2025-07-20,Power,Motherboard,Course technology site explain.,Component Repair,Motherboard,2.4,330.37,Pass,Carlos Gates DDS,Yes,Cancelled,Dallas,Intel,Yes,3
RP000312,DV11800,Laptop,Lenovo,MacBook Pro,SN-Yjbs-43626,Cynthia Hayes,Kevin Holland,2025-07-27,Power,Motherboard,Action card follow.,BIOS Update,Motherboard,7.53,208.91,Fail,Melissa Reeves,No,Cancelled,Houston,Dell Parts,Yes,4
RP000313,DV86415,Laptop,Lenovo,ThinkPad,SN-Jddv-69411,Kaitlin Gomez,Megan Pham,2024-09-02,Hardware,Screen,Accept mean herself.,Software Installation,Keyboard,1.0,541.07,Pass,Megan Anderson,Yes,Pending,Austin,Dell Parts,No,1
RP000314,DV12500,Workstation,Hp,MacBook Pro,SN-kGFv-80924,Bonnie Stewart,Brenda Wilson,2025-09-17,Display,RAM,Without material wind.,BIOS Update,WiFi Card,8.73,448.67,Pass,Isaac Jordan,Yes,Cancelled,Phoenix,Seagate,Yes,1
RP000315,DV42426,Server,Lenovo,MacBook Pro,SN-BkuV-49485,Pamela Hernandez DVM,Rebecca Brown,2025-01-17,Power,SSD,Approach consumer like.,Replace Component,Cooling Fan,7.0,316.53,Fail,John Wilson,Yes,Cancelled,Austin,Samsung,No,4
RP000316,DV13862,Server,Hp,ThinkPad,SN-FDFh-70758,Sharon Martinez,Sean White,2024-12-22,Network,Operating System,Seek state none production.,Firmware Update,Battery,1.33,336.66,Pass,Zachary Smith,No,Completed,Houston,Western Digital,No,5
RP000317,DV53160,Desktop,Hp,ZenBook,SN-XFRg-92613,Allison Maldonado,Jennifer Garza,2025-04-10,Software,Cooling Fan,Student child ball.,Cleaning,Motherboard,8.69,281.75,Pass,Mary Gibson,No,Completed,Houston,Kingston,Yes,5
RP000318,DV79856,Desktop,Lenovo,ThinkPad,SN-PNCu-49050,Zoe Meadows,Beverly Boyer,2026-03-14,Hardware,Keyboard,Follow area audience weight.,OS Reinstallation,Power Supply,3.38,609.21,Fail,James Thompson,Yes,Completed,Dallas,Intel,Yes,1
RP000319,DV90213,Server,Acer,Aspire,SN-yXzs-61032,Tiffany Moore,Robert Fitzgerald,2024-10-20,Display,Battery,Tough page grow benefit.,Cleaning,Motherboard,2.69,69.56,Pass,Curtis Griffin,No,Completed,Phoenix,Dell Parts,No,2
RP000320,DV60785,Workstation,Hp,ThinkPad,SN-BfWB-67499,Lisa Hamilton,Andrew Peterson,2025-02-25,Software,Battery,Put positive require us money.,Replace Component,Power Supply,7.76,61.26,Fail,Angela Mcdonald,No,Completed,Houston,Intel,Yes,2
RP000321,DV67577,Workstation,Asus,EliteBook,SN-RtpH-17422,Keith Arnold,Kayla Dixon,2024-10-20,Power,Battery,Behind produce nothing effect effort.,OS Reinstallation,Power Supply,7.87,505.95,Fail,Jonathan Wilson,No,Pending,Dallas,Seagate,Yes,4
RP000322,DV69886,Desktop,Acer,Aspire,SN-fATt-72260,Nathaniel Todd,Robert Peterson,2026-05-31,Power,Motherboard,Decision back word else.,Cleaning,Power Supply,5.4,522.99,Pass,Jessica Smith,Yes,Pending,Phoenix,Western Digital,No,3
RP000323,DV70469,Workstation,Lenovo,Aspire,SN-DSzQ-61027,Lindsay Tucker,Valerie Ward,2026-01-24,Hardware,Power Supply,Source because career course staff.,Software Installation,WiFi Card,8.38,388.77,Pass,Chelsea Johnson,Yes,Cancelled,Houston,Western Digital,No,3
RP000324,DV69098,Desktop,Apple,Aspire,SN-mftX-72368,John Johnson,Christian Park,2026-06-18,Software,WiFi Card,Likely teacher one cut notice street.,Replace Component,Keyboard,3.58,536.43,Pass,Adam Mccoy,Yes,Completed,Dallas,Dell Parts,No,3
RP000325,DV21181,Workstation,Asus,Aspire,SN-UJsc-66799,Mr. Kevin Carr,Ruth Freeman,2025-01-23,Display,SSD,Month instead firm.,OS Reinstallation,Power Supply,0.92,178.16,Fail,Steven Butler,Yes,Completed,Houston,Intel,Yes,4
RP000326,DV50378,Workstation,Lenovo,ZenBook,SN-CSBb-71795,Nicholas Harrison,Jordan Matthews,2025-08-31,Software,RAM,Two table resource life third.,Software Installation,Motherboard,0.53,624.05,Pass,Jeanette Butler,No,Pending,Phoenix,Seagate,Yes,5
RP000327,DV74679,Desktop,Acer,ZenBook,SN-sSVf-57293,Betty Gonzalez,Ashlee Perry,2025-11-12,Power,WiFi Card,Field decide another adult thing ground.,OS Reinstallation,WiFi Card,1.25,500.08,Pass,Ronald Kline,No,Cancelled,Houston,Samsung,Yes,2
RP000328,DV17217,Server,Dell,ThinkPad,SN-NohJ-01561,David Peterson,Anthony Rich,2024-09-13,Hardware,Cooling Fan,To table them page.,Component Repair,Keyboard,3.65,115.78,Pass,Anthony Shah,No,Completed,Houston,Dell Parts,No,5
RP000329,DV96628,Desktop,Apple,ZenBook,SN-YgJc-71199,Carol Wilson,Isaiah Chandler,2024-08-04,Display,Keyboard,Seven marriage that child hair.,Replace Component,SSD Drive,7.8,292.12,Fail,Barbara Harris,Yes,Pending,Dallas,Kingston,No,2
RP000330,DV25993,Server,Lenovo,Aspire,SN-sGkf-60375,Mike Perry,Danielle Mullins,2024-08-01,Power,Power Supply,Instead direction soon including important learn.,Software Installation,Motherboard,6.31,131.98,Pass,Rebecca Cox,No,Cancelled,Austin,Western Digital,No,3
RP000331,DV78864,Server,Hp,Aspire,SN-efvu-07208,Raymond Hamilton,Andrew Nielsen,2024-12-02,Display,WiFi Card,Total around place.,Cleaning,WiFi Card,5.18,184.93,Pass,Mary Meyer,No,Completed,Dallas,Samsung,Yes,4
RP000332,DV91980,Desktop,Acer,MacBook Pro,SN-UVuw-46684,Douglas Rose,Melody Griffin,2026-03-15,Power,Motherboard,Thought person peace kind.,BIOS Update,Cooling Fan,5.82,528.13,Pass,Robert Wong,Yes,Cancelled,Austin,Kingston,Yes,3
RP000333,DV49358,Server,Dell,Latitude,SN-vyUU-34108,Beth Braun,Brandon Arnold,2025-02-10,Network,Keyboard,Future player age three music else.,OS Reinstallation,RAM Module,8.4,195.51,Fail,Elizabeth Henderson,No,Pending,Dallas,Dell Parts,Yes,4
RP000334,DV30366,Workstation,Acer,EliteBook,SN-OGwh-81054,Matthew Martinez,Norman Chavez,2024-10-09,Power,Operating System,South writer not thus.,Firmware Update,RAM Module,8.43,274.51,Fail,Kim Larson,Yes,Completed,Austin,Kingston,Yes,2
RP000335,DV46760,Server,Apple,ZenBook,SN-TyHV-54492,Garrett Aguilar,Heather Garcia,2026-06-12,Display,SSD,Stock bank artist thousand live.,Cleaning,Power Supply,2.28,137.63,Fail,Jacob Fox,No,Cancelled,Dallas,Kingston,No,1
RP000336,DV75149,Server,Apple,EliteBook,SN-LFOB-98864,Melissa Gould PhD,Christopher Wagner,2025-11-12,Software,Power Supply,Represent can relate tell brother defense.,BIOS Update,Battery,1.57,638.71,Pass,Paul Raymond,Yes,Pending,Dallas,Western Digital,Yes,2
RP000337,DV54579,Server,Lenovo,ThinkPad,SN-hxKs-51961,Christian Watson,Elizabeth Tucker PhD,2025-03-05,Hardware,Power Supply,Six instead view.,Firmware Update,Battery,2.45,77.41,Fail,Drew White,Yes,Completed,Austin,Samsung,Yes,3
RP000338,DV71194,Laptop,Acer,ZenBook,SN-ecAE-70185,Krystal Mccullough,Karen Cortez,2026-05-27,Network,Motherboard,Car catch PM seven project chance.,Cleaning,Keyboard,6.57,207.38,Pass,Ann Weber,Yes,Pending,Austin,Seagate,No,4
RP000339,DV97965,Server,Hp,ThinkPad,SN-vIcQ-96636,Nancy Brewer,Michelle Armstrong,2026-03-15,Network,RAM,Night buy nice court.,Replace Component,SSD Drive,2.46,312.74,Fail,Laura Brown,No,Completed,Austin,Seagate,Yes,2
RP000340,DV19337,Server,Acer,MacBook Pro,SN-bhQI-98378,Albert Buchanan,Michael Clay,2025-08-29,Hardware,SSD,Be move fly open man.,Replace Component,WiFi Card,9.08,87.84,Fail,Gina White,Yes,Completed,Phoenix,Western Digital,Yes,5
RP000341,DV87693,Workstation,Acer,EliteBook,SN-fhgI-08564,Charles Scott,Eric Russell,2024-10-07,Network,Keyboard,Arrive which consider require.,Component Repair,Motherboard,7.27,553.15,Pass,Brett Thomas,No,Cancelled,Houston,Samsung,No,1
RP000342,DV69714,Workstation,Apple,ThinkPad,SN-mpWM-54610,Katherine Goodwin,Brian Brown,2025-08-30,Software,SSD,Network assume ahead plant trial.,Component Repair,Keyboard,9.17,344.06,Fail,Julian Willis,No,Pending,Phoenix,Samsung,Yes,4
RP000343,DV24796,Workstation,Apple,ThinkPad,SN-KACf-13824,Kathryn Patton,Joshua Jackson,2025-07-19,Network,Keyboard,Mr interest treatment later.,Cleaning,Battery,5.33,354.26,Pass,John Calderon,No,Cancelled,Dallas,Kingston,No,4
RP000344,DV87402,Desktop,Acer,ThinkPad,SN-rMqR-42007,Gregory Chen,Katrina Williams,2025-05-16,Display,SSD,None feel house but cause news.,OS Reinstallation,Power Supply,1.13,206.18,Fail,Jeffrey Bishop,No,Cancelled,Austin,Seagate,Yes,2
RP000345,DV96849,Laptop,Asus,ZenBook,SN-pQuv-55474,Tyler Murphy,Brandi Nielsen,2024-08-27,Display,WiFi Card,Live top pull including time reflect.,Replace Component,WiFi Card,3.59,123.24,Fail,Kimberly Cobb,Yes,Pending,Phoenix,Samsung,Yes,5
RP000346,DV59664,Workstation,Asus,ZenBook,SN-wyMw-18071,Ryan Cain,Mrs. Jacqueline Lee,2025-08-12,Hardware,RAM,Develop after exactly.,Software Installation,Battery,8.93,727.44,Pass,Heather Davis,Yes,Cancelled,Houston,Western Digital,No,4
RP000347,DV90684,Workstation,Hp,ThinkPad,SN-xcrF-94337,Michelle Clark,Roberto Foster,2024-11-29,Network,Screen,Notice management necessary process.,Cleaning,Keyboard,9.23,752.51,Fail,Melanie Cunningham,Yes,Cancelled,Dallas,Seagate,No,2
RP000348,DV48559,Server,Acer,Latitude,SN-qKoH-19212,Denise Abbott,Wayne Byrd,2026-05-11,Hardware,Power Supply,Education nice law visit political wall.,Component Repair,Cooling Fan,1.54,261.66,Pass,Todd Reynolds,Yes,Pending,Phoenix,Dell Parts,No,4
RP000349,DV63219,Workstation,Acer,ThinkPad,SN-FxHW-64187,Nathan Williams,Kim Stewart,2025-06-18,Software,WiFi Card,Create bank occur agent scene.,Software Installation,Motherboard,5.78,682.5,Fail,Jessica Jones,No,Completed,Austin,Dell Parts,Yes,2
RP000350,DV11520,Laptop,Hp,ZenBook,SN-eOOg-33254,Jeffrey Johnson,Taylor Pittman,2026-05-01,Power,Operating System,Blue draw future approach.,Software Installation,SSD Drive,1.8,654.46,Fail,Robert Harding,No,Cancelled,Houston,Western Digital,No,5
RP000351,DV68988,Server,Hp,ThinkPad,SN-Lhfd-99717,Jamie Wu,Rachel Brown,2025-06-15,Power,Cooling Fan,Area particularly it big argue.,Replace Component,WiFi Card,8.54,227.56,Fail,Samuel Morales,No,Cancelled,Austin,Samsung,Yes,5
RP000352,DV73342,Server,Dell,Aspire,SN-aDyD-96399,Sheryl Harvey,Timothy Logan,2024-07-22,Power,RAM,Military onto blue activity require.,Software Installation,Keyboard,4.92,108.68,Pass,Sara Strong,Yes,Pending,Dallas,Dell Parts,No,5
RP000353,DV16917,Laptop,Apple,MacBook Pro,SN-EUNC-28456,Chad Williams,Kevin Palmer,2025-07-27,Display,WiFi Card,Find those simply challenge final.,Cleaning,Cooling Fan,4.5,770.44,Fail,Jacob Smith,No,Completed,Dallas,Dell Parts,No,5
RP000354,DV44136,Workstation,Acer,ThinkPad,SN-JdBw-92038,Curtis Kerr,Gloria Contreras,2026-05-12,Display,Motherboard,Outside former official white pattern.,Firmware Update,Keyboard,8.18,518.24,Fail,Christopher Gibson,No,Completed,Houston,Seagate,Yes,3
RP000355,DV43036,Server,Lenovo,EliteBook,SN-SoDN-07303,John Tate,Renee Bennett,2026-02-28,Hardware,RAM,Contain wrong guy available air.,Cleaning,Battery,9.15,604.23,Fail,Dylan Lee,No,Completed,Austin,Dell Parts,Yes,4
RP000356,DV33699,Laptop,Lenovo,Latitude,SN-mslo-95003,Michelle Morgan,Cassandra Smith,2025-01-19,Software,Cooling Fan,Treat again quality her.,Component Repair,Battery,8.46,614.57,Fail,Ashley Boyle,No,Completed,Phoenix,Dell Parts,Yes,2
RP000357,DV85727,Laptop,Asus,EliteBook,SN-QkHZ-47355,Dr. Sherry Jones MD,Rebecca Lee,2025-07-25,Hardware,Motherboard,Reason fish involve player TV.,Software Installation,WiFi Card,4.29,276.03,Pass,Laurie Dickerson,No,Cancelled,Phoenix,Western Digital,No,2
RP000358,DV79526,Laptop,Lenovo,MacBook Pro,SN-OYri-42530,Tracy Blackwell,Brad Ruiz,2025-04-24,Power,Keyboard,Ask meet seem population meeting material.,Cleaning,RAM Module,1.42,448.47,Fail,Frank Brooks,No,Cancelled,Austin,Kingston,No,3
RP000359,DV22881,Workstation,Apple,ZenBook,SN-zOYL-77749,Christine Jacobson,David Robinson,2025-10-25,Software,Cooling Fan,Thousand number very hear nearly.,Component Repair,Motherboard,5.44,558.29,Pass,Bradley Wallace,No,Cancelled,Dallas,Dell Parts,Yes,1
RP000360,DV11567,Laptop,Acer,Latitude,SN-GNvB-53907,Jeffrey Richardson,Mr. Alexander Alexander III,2025-05-18,Power,Keyboard,Grow bar successful.,Software Installation,Keyboard,2.89,75.53,Pass,Maria Hartman,Yes,Cancelled,Houston,Seagate,Yes,1
RP000361,DV21322,Desktop,Apple,ZenBook,SN-cImv-31115,Gary Turner,Melinda Hill,2024-11-01,Display,SSD,Your your sell science treatment across.,Replace Component,Battery,2.91,400.22,Pass,Rodney Logan,No,Pending,Phoenix,Dell Parts,No,3
RP000362,DV31229,Server,Dell,MacBook Pro,SN-PGWj-66907,Crystal Cummings,David Matthews,2026-04-29,Power,Keyboard,Serious reveal left social fine could.,Replace Component,Keyboard,9.58,248.5,Fail,Melissa Clark,Yes,Pending,Houston,Seagate,No,2
RP000363,DV94604,Laptop,Hp,Aspire,SN-KitV-78052,Robert Flowers,Jason Jennings,2025-02-25,Power,Battery,Several real federal only nothing.,Cleaning,SSD Drive,9.17,586.55,Pass,Charles Rowland,Yes,Completed,Dallas,Seagate,No,4
RP000364,DV12459,Desktop,Asus,ZenBook,SN-zynz-59999,James Wells,Victor Fowler,2025-02-19,Hardware,Motherboard,Behavior bit need allow.,Firmware Update,Power Supply,3.03,575.04,Fail,Katherine Lopez,Yes,Cancelled,Phoenix,Western Digital,No,4
RP000365,DV19188,Desktop,Dell,MacBook Pro,SN-sQHe-16433,Jacob Smith,Theodore Myers,2025-01-06,Power,RAM,Can industry sea.,Cleaning,Cooling Fan,3.67,277.12,Pass,Steven Clark,Yes,Pending,Austin,Samsung,No,3
RP000366,DV94907,Desktop,Acer,Latitude,SN-MKtL-34672,Mitchell Stevens,William Griffin,2025-12-18,Power,Battery,Painting east forget notice make.,BIOS Update,Power Supply,9.02,522.96,Fail,Andrew Davis,No,Completed,Phoenix,Dell Parts,Yes,2
RP000367,DV14679,Laptop,Asus,Aspire,SN-ZlAp-75469,Luke Reynolds,Matthew Hale,2025-12-28,Software,WiFi Card,Hour watch dream.,OS Reinstallation,SSD Drive,8.03,532.56,Fail,Denise Fuller,No,Completed,Dallas,Kingston,Yes,3
RP000368,DV15611,Laptop,Hp,ZenBook,SN-WJhx-41376,Brian Miranda,Jerry King,2025-05-24,Display,WiFi Card,And ago police put left gas.,Firmware Update,Battery,7.54,224.74,Pass,Cory Johnson,Yes,Cancelled,Houston,Western Digital,Yes,4
RP000369,DV91051,Desktop,Asus,ZenBook,SN-FDef-41257,Dana Dodson,Robert Skinner,2026-05-28,Software,Motherboard,Stuff parent concern buy.,Software Installation,RAM Module,9.09,665.55,Pass,Caroline Powers,No,Cancelled,Houston,Seagate,Yes,1
RP000370,DV24965,Desktop,Dell,ThinkPad,SN-lnTc-04275,Kim Ramos,Mark Mills,2025-02-19,Power,Keyboard,Hospital final appear.,Component Repair,Power Supply,3.58,781.89,Pass,Raymond Wang,No,Completed,Dallas,Seagate,Yes,3
RP000371,DV18286,Server,Hp,MacBook Pro,SN-bAba-35331,Corey Caldwell,Stephen Robles,2026-03-12,Software,Keyboard,Right analysis mention spring.,Cleaning,Battery,4.67,744.26,Pass,Mark Weber,Yes,Completed,Phoenix,Intel,Yes,4
RP000372,DV20580,Laptop,Hp,Latitude,SN-ngwu-86613,James Stewart,Jimmy Jones,2026-07-07,Display,Screen,Practice hard attack despite.,OS Reinstallation,WiFi Card,7.08,204.62,Fail,Kyle Bird,No,Pending,Houston,Intel,Yes,5
RP000373,DV33593,Laptop,Asus,EliteBook,SN-gMuO-18924,Megan Compton,Evelyn Reid,2025-02-17,Network,Operating System,Within project attack adult treatment.,Replace Component,Motherboard,2.32,789.95,Pass,Jorge Harmon,No,Cancelled,Houston,Western Digital,Yes,3
RP000374,DV16955,Laptop,Hp,ZenBook,SN-NWht-89030,Jeffrey Sanchez,Chad Jimenez,2025-12-27,Power,WiFi Card,Charge daughter also type.,Software Installation,Battery,6.87,82.34,Fail,Theresa Stevenson,No,Completed,Phoenix,Kingston,No,5
RP000375,DV69394,Laptop,Asus,Latitude,SN-HYAP-52450,Nicole Perez,Grace Harris,2026-05-30,Display,SSD,Trade professor eat.,Software Installation,RAM Module,5.11,137.05,Pass,Michelle Franklin,No,Cancelled,Austin,Western Digital,Yes,3
RP000376,DV40154,Server,Hp,Latitude,SN-OaeF-68527,Corey Walters,Dan Davis,2026-03-23,Software,Operating System,Nature somebody daughter medical international level.,Component Repair,Motherboard,4.07,215.5,Fail,Craig Coleman,No,Completed,Phoenix,Intel,Yes,5
RP000377,DV69636,Workstation,Lenovo,ThinkPad,SN-COmr-93449,Karen Tapia,James Ruiz,2026-01-12,Power,Battery,Measure same set standard soldier.,Firmware Update,Cooling Fan,9.77,201.66,Pass,James Dickerson,Yes,Cancelled,Dallas,Kingston,Yes,1
RP000378,DV71018,Workstation,Hp,EliteBook,SN-Ulqy-49828,Jesse Brooks,Andrea Taylor,2025-03-31,Software,Screen,Cultural trouble above technology room hear.,Cleaning,Battery,8.0,528.5,Pass,Jason Foster,Yes,Completed,Phoenix,Seagate,No,2
RP000379,DV87539,Workstation,Lenovo,Latitude,SN-eAch-56749,Keith Lee,David Gentry,2025-03-16,Power,Battery,Meeting major read recent prepare.,Software Installation,Cooling Fan,4.63,216.8,Pass,Nancy Allen,Yes,Pending,Dallas,Samsung,No,5
RP000380,DV14406,Workstation,Apple,ZenBook,SN-MDRj-05024,Lance Lynn,Alexandria Wise,2025-05-04,Hardware,WiFi Card,Huge only too million country.,OS Reinstallation,Motherboard,1.29,614.81,Fail,Ronald King,Yes,Completed,Austin,Kingston,Yes,1
RP000381,DV12087,Server,Hp,ZenBook,SN-tUAW-48869,Monica Davis,Paula Cooper,2025-03-09,Power,Cooling Fan,Especially decide security.,Firmware Update,RAM Module,9.78,397.82,Pass,Abigail Jackson,No,Completed,Austin,Dell Parts,No,1
RP000382,DV92222,Workstation,Asus,EliteBook,SN-HAPs-70116,Carolyn Brooks,Christina White,2026-05-02,Display,Motherboard,Late sport control.,BIOS Update,Power Supply,7.65,573.54,Pass,Clayton Malone,Yes,Cancelled,Austin,Dell Parts,Yes,5
RP000383,DV98428,Laptop,Dell,MacBook Pro,SN-Okfs-46791,Caleb Brown,David Washington,2025-07-06,Network,WiFi Card,Act entire western.,Cleaning,RAM Module,3.97,181.45,Pass,Rachel Williams,Yes,Completed,Austin,Intel,Yes,4
RP000384,DV86037,Desktop,Asus,ThinkPad,SN-HWrF-38069,George Jordan,Steve Key,2024-07-24,Network,Keyboard,Wait professor her arm.,BIOS Update,Power Supply,3.13,97.53,Fail,Gary Garcia,No,Pending,Dallas,Western Digital,No,4
RP000385,DV91389,Laptop,Hp,MacBook Pro,SN-hHrS-76209,Danielle Hayes,Sheila Robertson,2025-07-02,Hardware,RAM,About point walk focus.,OS Reinstallation,Battery,3.24,767.47,Pass,Shelley Montes,Yes,Pending,Dallas,Dell Parts,Yes,4
RP000386,DV29726,Laptop,Lenovo,MacBook Pro,SN-zVNY-57397,Jeffrey Huynh,Victoria Vincent,2025-12-16,Display,SSD,Safe family crime.,OS Reinstallation,Cooling Fan,4.49,603.28,Pass,Joseph Armstrong,No,Completed,Dallas,Samsung,Yes,5
RP000387,DV94498,Workstation,Acer,EliteBook,SN-tRJD-80271,Jeremy Wilson,Cynthia Lewis,2025-08-04,Network,WiFi Card,Black year ahead.,Cleaning,WiFi Card,4.85,475.44,Fail,Erin Reyes,Yes,Pending,Houston,Western Digital,No,3
RP000388,DV16202,Server,Lenovo,MacBook Pro,SN-QiIO-43471,Ann Holt,Tara Miranda,2026-02-12,Software,Cooling Fan,Ask gas travel sea rise president.,Software Installation,Keyboard,2.23,181.52,Pass,Tracy Kim,Yes,Completed,Dallas,Samsung,No,5
RP000389,DV26577,Server,Lenovo,ThinkPad,SN-fhfv-33414,Teresa Garner,Jacob Castaneda,2025-04-18,Software,Power Supply,Officer ability artist movie suggest.,Firmware Update,RAM Module,6.82,783.52,Pass,Emma Diaz,No,Pending,Houston,Seagate,No,1
RP000390,DV13266,Workstation,Hp,MacBook Pro,SN-gzaI-28993,Emily Cabrera,Daniel Frazier,2025-05-25,Network,SSD,Own certainly program.,Replace Component,Cooling Fan,6.65,271.67,Fail,Michele George,Yes,Cancelled,Phoenix,Kingston,Yes,4
RP000391,DV15253,Laptop,Lenovo,Latitude,SN-EOnF-48149,Vincent Brown,Brittany Moran,2026-02-21,Power,Cooling Fan,Red apply tend condition.,Component Repair,Motherboard,4.74,119.36,Pass,Mr. William Hopkins,Yes,Cancelled,Houston,Kingston,Yes,1
RP000392,DV20956,Workstation,Asus,ZenBook,SN-BREw-20865,Jeanne Rose,Michael Lee,2025-01-08,Hardware,Power Supply,Hour capital sell oil source sure.,OS Reinstallation,Motherboard,5.16,502.38,Pass,Judith Martin,No,Pending,Houston,Dell Parts,No,3
RP000393,DV60608,Laptop,Lenovo,EliteBook,SN-nnZV-27742,Matthew Cox,Ashley Floyd,2025-06-27,Network,Screen,Heavy work quickly.,OS Reinstallation,SSD Drive,2.55,715.85,Fail,Anthony Kelly,No,Pending,Houston,Dell Parts,No,4
RP000394,DV28293,Laptop,Hp,ThinkPad,SN-PvLB-72018,Lori Powell,David Burns,2024-11-19,Network,WiFi Card,West present heart reality somebody probably.,Component Repair,Cooling Fan,1.13,770.07,Fail,Sharon Santos,Yes,Completed,Phoenix,Dell Parts,No,4
RP000395,DV32923,Workstation,Asus,Aspire,SN-hfhF-47501,Susan Walker,Victoria Mendoza,2024-12-21,Software,Battery,Some Congress machine.,Software Installation,Power Supply,3.25,417.94,Fail,Jessica Duncan,No,Pending,Phoenix,Intel,Yes,1
RP000396,DV30188,Server,Asus,ZenBook,SN-zSbz-15182,Kimberly Burnett,Joseph Richards DDS,2025-10-18,Power,RAM,Send debate probably.,Firmware Update,Keyboard,4.46,418.91,Pass,Scott Neal,Yes,Completed,Austin,Western Digital,Yes,5
RP000397,DV57416,Workstation,Acer,MacBook Pro,SN-ciKn-08751,Anita Scott,Angela Martinez,2024-11-25,Network,WiFi Card,Hair name institution war.,Firmware Update,SSD Drive,4.05,599.72,Pass,Eric Shah,No,Completed,Dallas,Intel,No,4
RP000398,DV27759,Desktop,Dell,EliteBook,SN-KFSu-84872,Victoria Bell,Christine Garcia,2025-07-13,Network,Operating System,Down could feel.,Firmware Update,Cooling Fan,0.96,268.75,Pass,Tina Guzman,Yes,Cancelled,Houston,Samsung,Yes,5
RP000399,DV52284,Server,Lenovo,ZenBook,SN-UNBe-39542,Debbie Santos,Jesus Duffy,2025-08-24,Network,RAM,Vote century data picture especially.,Cleaning,Cooling Fan,8.32,59.67,Fail,Maria Klein,No,Pending,Phoenix,Kingston,Yes,1
RP000400,DV38557,Desktop,Hp,Aspire,SN-juYB-98926,Victor Wright,Joseph Sutton,2026-02-05,Display,Power Supply,At policy guy four event.,Component Repair,SSD Drive,4.46,737.02,Pass,Courtney Smith,Yes,Completed,Phoenix,Kingston,No,3
RP000401,DV28220,Server,Hp,ZenBook,SN-lHUt-63611,Renee Davis,Kenneth Campbell,2025-04-17,Network,Motherboard,Parent to color water.,Firmware Update,SSD Drive,2.61,692.61,Pass,Gregory Figueroa,Yes,Pending,Houston,Intel,Yes,1
RP000402,DV65680,Laptop,Dell,Latitude,SN-Liqa-88967,Michelle Sandoval,Keith Adams,2024-08-05,Power,Operating System,Religious eat participant religious consumer.,Replace Component,Motherboard,1.52,644.79,Pass,Dr. Kathryn Hill,No,Completed,Austin,Samsung,Yes,3
RP000403,DV97501,Laptop,Dell,Aspire,SN-tAXu-68341,Madison Jones,Brandon Johnston,2026-07-03,Software,Cooling Fan,Sea never manage.,Software Installation,Battery,6.87,71.94,Pass,Tonya Coleman,No,Cancelled,Austin,Kingston,Yes,5
RP000404,DV90341,Laptop,Dell,Aspire,SN-RRIS-82778,Adrian Lee,Adrienne Coleman,2025-11-08,Hardware,Power Supply,See each school week statement they.,Software Installation,Motherboard,9.66,178.83,Pass,Lisa Lawson,Yes,Completed,Phoenix,Kingston,Yes,4
RP000405,DV98280,Desktop,Lenovo,MacBook Pro,SN-xiGw-28321,Jenny Gray,Brian Sloan,2026-03-26,Power,Battery,Story surface tax face.,Cleaning,Motherboard,4.37,621.06,Fail,Mr. Aaron Welch,Yes,Pending,Dallas,Seagate,Yes,4
RP000406,DV57349,Server,Acer,ZenBook,SN-DNFd-63480,Luis Murphy,Aaron Zamora,2024-07-22,Hardware,RAM,I across issue culture.,BIOS Update,WiFi Card,1.6,262.71,Fail,Stephanie Jenkins,No,Completed,Phoenix,Kingston,No,2
RP000407,DV19123,Server,Hp,Latitude,SN-Ezxt-70243,Steven Herrera,William Douglas,2025-03-13,Power,RAM,Class government its grow that.,OS Reinstallation,WiFi Card,5.47,557.39,Pass,Colton Williams,Yes,Pending,Phoenix,Dell Parts,Yes,2
RP000408,DV18481,Desktop,Lenovo,ThinkPad,SN-QmEQ-66502,Mrs. Katherine Simpson,Bethany Potter,2025-07-06,Display,Operating System,Maybe type successful home body.,Replace Component,Motherboard,8.46,593.9,Fail,Alex Moore,No,Cancelled,Phoenix,Kingston,No,5
RP000409,DV63011,Server,Hp,MacBook Pro,SN-BMVa-80305,Dylan Tucker,Danielle Hernandez,2025-03-04,Hardware,RAM,Cost exactly boy enjoy red project.,BIOS Update,WiFi Card,5.22,521.28,Pass,John Patton,Yes,Completed,Dallas,Samsung,No,1
RP000410,DV33474,Server,Hp,EliteBook,SN-LOOj-18923,Carlos Johnson,Tanya Simmons DDS,2025-06-17,Display,Cooling Fan,Ten herself modern.,Replace Component,SSD Drive,6.78,439.96,Fail,Veronica Walker,No,Completed,Austin,Dell Parts,No,4
RP000411,DV76164,Server,Acer,Aspire,SN-Pdth-67086,Douglas Bell,Francisco Williams,2025-10-19,Hardware,Motherboard,A produce focus.,OS Reinstallation,SSD Drive,4.14,285.92,Fail,Douglas Obrien,No,Pending,Dallas,Samsung,Yes,5
RP000412,DV96430,Desktop,Apple,MacBook Pro,SN-vthg-62475,Melanie Townsend,Isaac Patrick,2025-09-06,Software,Screen,More he practice decide himself thought.,Firmware Update,Power Supply,5.13,132.04,Fail,Patrick Martinez,No,Pending,Houston,Seagate,Yes,4
RP000413,DV44523,Workstation,Acer,ZenBook,SN-eINv-93371,John Juarez,Brittany Anderson,2025-02-22,Network,Screen,Nearly education theory table trade.,BIOS Update,RAM Module,0.77,83.84,Fail,Stephanie West,No,Cancelled,Dallas,Dell Parts,No,4
RP000414,DV22759,Server,Lenovo,MacBook Pro,SN-HGYb-16176,Donald Ponce,Tyler Brown,2025-05-01,Network,Motherboard,Scientist however range that.,Firmware Update,Motherboard,2.85,536.06,Pass,Carol Christensen,Yes,Pending,Dallas,Kingston,Yes,1
RP000415,DV80571,Laptop,Apple,ZenBook,SN-rnla-68669,Daniel Horton,Rachel Gibson,2025-08-14,Power,Cooling Fan,Else system fast environmental budget difference.,Cleaning,Power Supply,3.03,571.97,Pass,Dorothy Bowman,No,Pending,Phoenix,Kingston,Yes,4
RP000416,DV23114,Desktop,Lenovo,MacBook Pro,SN-nIha-42403,Mackenzie Compton,Travis Henson,2024-08-05,Display,Keyboard,Reveal impact particularly foot.,Software Installation,Keyboard,3.95,376.99,Fail,Robert Holloway,Yes,Cancelled,Houston,Kingston,No,1
RP000417,DV48970,Workstation,Hp,Aspire,SN-IQXX-34240,Miranda Watts,Dawn Sims,2024-12-03,Hardware,Cooling Fan,Nearly stage determine environmental ok space.,Replace Component,Cooling Fan,3.1,474.82,Fail,Brittney Hall,No,Completed,Austin,Samsung,No,5
RP000418,DV49309,Server,Hp,MacBook Pro,SN-FlDl-65271,Casey Hudson,Catherine Campbell,2025-04-26,Power,Screen,Clear concern hour part.,Cleaning,WiFi Card,6.88,460.67,Pass,Benjamin Sanchez,Yes,Cancelled,Phoenix,Intel,No,3
RP000419,DV93614,Workstation,Acer,ZenBook,SN-Mgyy-61820,Ronald Hines,Amanda Wright,2025-01-14,Hardware,Power Supply,Environment voice outside.,Software Installation,Cooling Fan,4.89,230.28,Fail,Alexandra Conner,No,Pending,Austin,Samsung,Yes,4
RP000420,DV44987,Desktop,Lenovo,ZenBook,SN-EWKC-85132,Elizabeth Mendoza,Joshua Adams,2025-09-23,Display,Battery,But stay bill father memory student.,OS Reinstallation,Motherboard,1.58,193.94,Pass,Thomas Johnson,No,Pending,Phoenix,Seagate,No,4
RP000421,DV94793,Desktop,Hp,EliteBook,SN-oRyR-66254,Samantha Rodriguez,Brian Garcia,2026-06-06,Software,Motherboard,Ground past brother type.,BIOS Update,Keyboard,6.76,181.99,Pass,Stephanie Munoz,No,Completed,Dallas,Samsung,No,5
RP000422,DV49056,Workstation,Lenovo,ZenBook,SN-lRBj-26859,Melissa Weber,Shawn Nelson,2026-05-09,Hardware,Operating System,Product usually specific represent baby able.,Component Repair,Battery,2.74,478.23,Pass,Brittany Rios,No,Pending,Dallas,Intel,Yes,3
RP000423,DV53160,Workstation,Asus,ZenBook,SN-ehKB-52677,Diana Davis,Catherine Cruz MD,2024-11-22,Software,Operating System,Loss win own PM catch.,Software Installation,Battery,1.51,210.58,Fail,Tammy Reyes,No,Pending,Austin,Seagate,Yes,4
RP000424,DV79922,Laptop,Lenovo,Aspire,SN-IIoy-87887,Miguel Rose,Roberta Robinson,2025-06-25,Power,WiFi Card,Dog able yes.,Firmware Update,Motherboard,9.65,709.58,Pass,Justin Rosario,No,Pending,Austin,Kingston,Yes,5
RP000425,DV14562,Laptop,Asus,ZenBook,SN-sDjJ-10552,Susan Sanchez,Amy Taylor,2024-09-03,Software,Screen,Help ago who.,Cleaning,Power Supply,3.44,768.86,Fail,Michael Bates,Yes,Cancelled,Houston,Western Digital,No,1
RP000426,DV61508,Server,Dell,ThinkPad,SN-jxjf-17920,Adam Guerra,Preston Harrison,2025-10-25,Network,Battery,Security recognize federal.,Component Repair,Battery,9.2,523.51,Fail,George Harrington,Yes,Pending,Dallas,Western Digital,No,4
RP000427,DV53610,Laptop,Hp,ZenBook,SN-PcMW-04120,Christopher Sanders,Travis Gibson,2025-05-07,Network,Power Supply,Try maybe remember interest.,Replace Component,Cooling Fan,4.5,596.92,Fail,William Boyd,No,Cancelled,Dallas,Samsung,Yes,4
RP000428,DV94030,Laptop,Apple,ThinkPad,SN-ozlV-23690,Lisa Jones,Karen Delgado,2026-02-24,Network,Keyboard,Still close sound position crime.,Cleaning,SSD Drive,1.55,237.2,Pass,Blake Morrison,No,Pending,Phoenix,Western Digital,Yes,3
RP000429,DV32738,Server,Lenovo,ThinkPad,SN-Igen-50342,Nicole Parker,Margaret Johnson,2024-08-09,Hardware,Operating System,Be now and worry.,BIOS Update,Battery,4.24,332.99,Pass,Mr. Brandon Parker,Yes,Completed,Houston,Samsung,No,2
RP000430,DV44312,Desktop,Dell,MacBook Pro,SN-uWzU-54683,Carl Leonard,Steven Gordon,2024-07-25,Display,Operating System,Space change onto him only system.,Cleaning,Keyboard,1.92,768.52,Pass,Christian Ford,Yes,Completed,Phoenix,Western Digital,No,1
RP000431,DV39423,Desktop,Lenovo,EliteBook,SN-GHUM-13322,Tara Peterson,Gina Ward,2025-12-17,Power,Operating System,Always require raise dream young.,Software Installation,Power Supply,8.64,500.06,Fail,Tina Bradley,Yes,Pending,Houston,Western Digital,Yes,1
RP000432,DV48036,Desktop,Acer,MacBook Pro,SN-JZYf-71024,Mr. Christopher Phillips Jr.,Heather Jones,2025-10-18,Software,Keyboard,Election list eight theory practice.,Cleaning,WiFi Card,1.31,401.66,Fail,Caleb Carroll,No,Cancelled,Houston,Dell Parts,No,4
RP000433,DV88275,Laptop,Dell,Aspire,SN-NRiC-05466,Ryan Crane,Michael Hunter,2025-10-24,Hardware,Motherboard,Theory yard amount within.,BIOS Update,Motherboard,4.97,315.73,Pass,Richard Lyons,Yes,Pending,Phoenix,Kingston,No,3
RP000434,DV27332,Laptop,Acer,ThinkPad,SN-ykKz-80214,Courtney Sawyer,Hannah Mcdonald,2024-12-18,Network,SSD,Too let beat rule true two.,Cleaning,WiFi Card,9.34,708.42,Pass,Christina Murphy,Yes,Pending,Phoenix,Intel,No,1
RP000435,DV51060,Desktop,Apple,EliteBook,SN-SVEh-55973,Andrew Moore,Mark Flores,2026-05-29,Network,Operating System,Write similar artist.,BIOS Update,Keyboard,6.32,621.17,Fail,Rachel Irwin,No,Pending,Houston,Kingston,No,2
RP000436,DV82833,Workstation,Dell,ThinkPad,SN-rqOl-30306,Benjamin Sullivan,Michael Savage,2024-09-08,Software,Motherboard,Degree throw contain approach time investment.,Software Installation,Battery,0.84,245.17,Fail,Elizabeth Gonzalez,No,Completed,Phoenix,Samsung,No,3
RP000437,DV83512,Workstation,Apple,Latitude,SN-SBwS-67782,Samantha Hoffman,Christina Sharp,2025-03-04,Software,RAM,Pattern food worry voice sea say.,BIOS Update,SSD Drive,2.44,263.09,Pass,Chris Ellis,No,Cancelled,Houston,Seagate,Yes,5
RP000438,DV84814,Workstation,Dell,ThinkPad,SN-qHUa-27516,Terri Mathews DDS,Laura Johnson,2026-01-10,Power,RAM,Information national coach help.,BIOS Update,RAM Module,3.2,786.0,Pass,Tristan Bonilla,No,Pending,Dallas,Kingston,Yes,1
RP000439,DV20625,Workstation,Apple,ZenBook,SN-ttGh-90550,Mariah Bryant,Harold Daniels,2025-03-29,Network,Cooling Fan,Wind from unit learn health need.,Firmware Update,RAM Module,3.63,82.89,Fail,Jeffrey Mitchell,No,Cancelled,Houston,Intel,Yes,3
RP000440,DV52358,Laptop,Acer,Aspire,SN-ZgfP-64911,Timothy Garcia,Loretta Gardner,2026-05-18,Power,RAM,Me south property system deep.,OS Reinstallation,Keyboard,2.19,773.79,Fail,Kristen Wilson,Yes,Completed,Houston,Intel,No,4
RP000441,DV47347,Desktop,Dell,EliteBook,SN-PTYV-71576,Todd Casey,Debra Hopkins,2024-09-19,Power,Operating System,Stuff somebody increase drop.,Firmware Update,Keyboard,9.09,502.64,Fail,Jennifer Smith,Yes,Pending,Houston,Western Digital,No,4
RP000442,DV72447,Workstation,Dell,MacBook Pro,SN-vkKB-25895,William Lee,Sandra Solis,2025-10-12,Network,Cooling Fan,Investment vote hospital road idea fish.,Software Installation,Power Supply,6.49,119.71,Fail,David Mckinney,No,Cancelled,Houston,Dell Parts,Yes,4
RP000443,DV79111,Laptop,Lenovo,MacBook Pro,SN-WOqJ-28196,Frank Davis,Adam Carrillo,2024-10-07,Power,RAM,Agreement remain turn.,Component Repair,WiFi Card,3.35,788.14,Fail,James Newton,Yes,Cancelled,Phoenix,Kingston,Yes,5
RP000444,DV20031,Laptop,Acer,MacBook Pro,SN-Potm-27523,Danielle Deleon,Patricia Hopkins,2026-05-28,Power,RAM,Bar century age world.,OS Reinstallation,Keyboard,3.88,489.18,Pass,Ashley Ho,Yes,Cancelled,Phoenix,Intel,Yes,4
RP000445,DV15932,Workstation,Asus,EliteBook,SN-lfeF-11244,Susan Clark,Robert Gutierrez,2026-04-19,Network,Cooling Fan,Where baby reach heart finish traditional.,Firmware Update,WiFi Card,7.69,387.46,Fail,Catherine Smith,No,Completed,Houston,Intel,Yes,5
RP000446,DV43989,Laptop,Apple,Aspire,SN-vwEN-29901,Abigail Boyd,Bryan Obrien,2024-08-23,Hardware,Motherboard,Age memory charge term boy describe.,OS Reinstallation,SSD Drive,0.63,541.85,Fail,Daniel Luna,No,Cancelled,Phoenix,Kingston,No,4
RP000447,DV49669,Desktop,Hp,Latitude,SN-fwTJ-24473,Julie Lamb,Travis Nielsen,2026-04-15,Software,RAM,Common reach thought exactly.,Component Repair,RAM Module,7.11,191.17,Pass,Kevin Miranda,Yes,Pending,Houston,Dell Parts,Yes,4
RP000448,DV92058,Desktop,Dell,EliteBook,SN-CBMV-42376,Fernando Rodriguez,Curtis Gomez,2025-01-08,Power,SSD,Standard last threat when education important page.,OS Reinstallation,Power Supply,0.71,174.58,Pass,Tiffany Moreno,No,Pending,Phoenix,Samsung,No,5
RP000449,DV41801,Server,Acer,MacBook Pro,SN-BYlw-60125,Daniel Watson,Ernest Smith,2025-12-19,Hardware,Keyboard,Response degree nothing.,Replace Component,SSD Drive,6.49,584.82,Fail,David Jones,No,Cancelled,Austin,Samsung,No,4
RP000450,DV73714,Workstation,Hp,ZenBook,SN-gJrT-49383,Sophia Heath,Steven Fisher,2025-02-03,Hardware,Power Supply,Fish floor culture sort material.,Replace Component,Power Supply,5.98,464.94,Fail,Jennifer Martinez MD,No,Pending,Dallas,Western Digital,No,4
RP000451,DV67177,Desktop,Lenovo,ZenBook,SN-bsbP-59639,Laura Smith,Carlos Rasmussen,2026-06-22,Software,WiFi Card,Time truth although.,BIOS Update,WiFi Card,2.7,214.78,Fail,Andrea Davis,No,Completed,Austin,Dell Parts,No,4
RP000452,DV98225,Server,Apple,ThinkPad,SN-zfJX-64455,Logan Long,Jordan Allison,2024-09-13,Display,Battery,Successful visit bill.,BIOS Update,SSD Drive,6.84,146.82,Pass,Roger Taylor,Yes,Cancelled,Phoenix,Samsung,No,4
RP000453,DV49800,Desktop,Acer,Latitude,SN-mUZx-56321,Kimberly Smith,Amy Ware,2025-11-15,Hardware,Keyboard,Book water avoid.,BIOS Update,Cooling Fan,6.93,181.04,Pass,Lonnie Burnett,Yes,Pending,Phoenix,Samsung,Yes,1
RP000454,DV83660,Workstation,Lenovo,EliteBook,SN-hiuj-42297,Stacy Church,Jeremy Martinez,2025-11-26,Network,Motherboard,Drive long majority exactly significant lot.,Component Repair,Keyboard,9.02,690.06,Pass,Ralph Dawson,Yes,Pending,Phoenix,Samsung,Yes,5
RP000455,DV89908,Laptop,Acer,Latitude,SN-eFdn-58331,Daniel Cardenas,Brian Clark,2026-03-31,Software,RAM,Seven method finish want remain pretty.,Component Repair,Motherboard,9.15,167.77,Fail,Ashley Anderson,No,Cancelled,Phoenix,Dell Parts,Yes,2
RP000456,DV94815,Server,Hp,Latitude,SN-mXzm-56798,Jay Parks,Laura Garcia,2025-07-06,Software,WiFi Card,Then seat drive thus cost.,OS Reinstallation,RAM Module,2.83,656.86,Fail,Matthew Chavez,No,Cancelled,Houston,Samsung,No,3
RP000457,DV64396,Desktop,Hp,Aspire,SN-Bnjz-41815,Katie Brown,Brent Wong,2025-07-09,Power,Battery,Create country computer every parent.,Software Installation,Power Supply,4.43,356.98,Fail,Ashley Williams,No,Completed,Phoenix,Intel,Yes,5
RP000458,DV19120,Server,Lenovo,MacBook Pro,SN-cKrp-31310,Brian Perez,Michelle Myers,2026-04-18,Software,Operating System,Detail station reality.,Replace Component,Power Supply,7.71,545.13,Pass,Christopher Harris DDS,Yes,Cancelled,Austin,Western Digital,No,5
RP000459,DV49888,Server,Dell,EliteBook,SN-GSNE-94012,Sarah Watts,Michael Jackson,2025-08-26,Display,Cooling Fan,Tonight center actually listen free.,Software Installation,Power Supply,4.74,203.85,Fail,Dennis Jones,No,Cancelled,Phoenix,Intel,No,1
RP000460,DV14845,Server,Apple,ZenBook,SN-aFpE-09579,Robert Bradley,Sara Fox MD,2025-01-09,Software,Power Supply,Simple beyond sound.,Cleaning,Keyboard,2.53,433.75,Fail,John Bell,No,Cancelled,Houston,Samsung,Yes,5
RP000461,DV87660,Desktop,Lenovo,ZenBook,SN-Dawt-84745,Stephanie Hampton,Stephanie Larson,2025-10-22,Power,Power Supply,Establish mind policy.,Replace Component,RAM Module,8.5,244.82,Fail,Jason Robinson,Yes,Completed,Dallas,Western Digital,No,5
RP000462,DV10683,Server,Hp,ZenBook,SN-KVSB-25703,Patrick Lee,Margaret Sheppard,2025-04-05,Display,Cooling Fan,Quickly tonight last when money enter quickly.,Firmware Update,Motherboard,3.83,263.4,Pass,Jeanne Butler,No,Cancelled,Houston,Samsung,No,5
RP000463,DV86332,Server,Apple,Latitude,SN-HSvN-44309,Robert Knight,Hannah Rodriguez,2025-12-28,Software,Operating System,Material rate letter.,Component Repair,Power Supply,1.28,96.65,Pass,Vincent Hanson,No,Completed,Phoenix,Samsung,No,5
RP000464,DV62789,Workstation,Lenovo,Aspire,SN-ZsaD-24741,Douglas Watkins,Eric Jordan,2024-11-18,Power,Operating System,Anyone case these.,OS Reinstallation,WiFi Card,7.45,362.69,Pass,Kathryn Mullen,Yes,Cancelled,Houston,Western Digital,No,2
RP000465,DV77264,Laptop,Asus,ThinkPad,SN-UmBL-82142,Donna Johnson,Danielle Gregory,2025-01-18,Power,WiFi Card,Institution whom better end few.,Replace Component,Battery,9.47,327.0,Pass,Justin Shelton,No,Completed,Dallas,Kingston,No,1
RP000466,DV78521,Laptop,Lenovo,EliteBook,SN-iAJm-59234,Bradley Knight,Kimberly Bennett,2026-02-07,Network,Screen,Benefit money reason mean rate.,BIOS Update,WiFi Card,0.77,157.15,Fail,Hector Owens,Yes,Pending,Austin,Intel,Yes,4
RP000467,DV10273,Server,Dell,Latitude,SN-XAfW-67080,Terry Buchanan,Jacqueline Oliver,2026-03-10,Power,WiFi Card,There apply suddenly call prove leg.,Cleaning,Keyboard,5.87,725.22,Fail,Kelly Combs,No,Cancelled,Houston,Intel,No,4
RP000468,DV97453,Desktop,Asus,EliteBook,SN-MgsK-10415,Mr. Antonio Yang,Nancy Brown,2025-04-10,Hardware,Cooling Fan,Might no whose carry.,Firmware Update,Power Supply,4.18,725.18,Fail,Margaret Moore,Yes,Cancelled,Phoenix,Dell Parts,No,1
RP000469,DV31707,Laptop,Acer,ZenBook,SN-heaj-40793,Barbara Davis,John Wall,2024-07-19,Network,Power Supply,Hospital unit feel low contain.,Firmware Update,SSD Drive,6.62,113.86,Pass,Ryan Green,Yes,Pending,Dallas,Samsung,Yes,1
RP000470,DV46039,Desktop,Asus,Aspire,SN-jObl-97916,Patrick Allen,Melissa Gonzalez,2025-12-15,Power,RAM,Face property where manage property hospital.,Component Repair,Cooling Fan,4.32,83.74,Pass,Ashley Butler,No,Pending,Houston,Western Digital,Yes,5
RP000471,DV51599,Server,Dell,Latitude,SN-hKya-62047,Amanda Santos,Jill Odonnell,2025-06-17,Hardware,Power Supply,While life rich everybody word.,Software Installation,Keyboard,1.87,241.67,Pass,Scott Gordon,Yes,Pending,Phoenix,Dell Parts,Yes,1
RP000472,DV90540,Desktop,Dell,ZenBook,SN-lPjw-58681,Kristine Stevens,Brenda Glover,2025-08-14,Hardware,Screen,Type attention stuff low.,OS Reinstallation,SSD Drive,3.54,359.62,Fail,Lisa White,No,Pending,Dallas,Samsung,Yes,2
RP000473,DV88250,Desktop,Apple,Aspire,SN-LLwL-88425,Jennifer Williams,Caitlin Davis,2024-11-20,Display,Operating System,Material quickly food.,Replace Component,Keyboard,1.08,398.62,Fail,Raymond Stark,Yes,Pending,Dallas,Western Digital,Yes,1
RP000474,DV45279,Laptop,Hp,Aspire,SN-edNq-31266,Ryan Jones,Lisa Pittman,2024-12-23,Software,Screen,Fly recognize help writer.,Cleaning,Power Supply,4.74,684.71,Pass,Christina King,Yes,Pending,Houston,Intel,No,5
RP000475,DV69210,Laptop,Apple,Aspire,SN-BHZY-74332,Kevin Soto,Christina Patrick,2026-06-01,Network,SSD,Growth impact national.,Replace Component,RAM Module,9.37,411.64,Fail,Cody Blair,No,Pending,Houston,Seagate,No,1
RP000476,DV31157,Laptop,Lenovo,Latitude,SN-EGww-87339,Kristin Taylor,Jeffrey Bennett,2025-01-13,Power,RAM,Notice camera military.,Component Repair,Battery,7.39,799.12,Fail,Jonathan Williams,Yes,Cancelled,Austin,Dell Parts,No,3
RP000477,DV69338,Desktop,Asus,EliteBook,SN-qyTw-85034,Seth Donaldson,Kenneth Castaneda,2025-10-07,Network,Battery,Matter human arm recently book likely.,OS Reinstallation,Cooling Fan,0.65,568.88,Pass,Deborah Johnson,No,Completed,Dallas,Dell Parts,Yes,4
RP000478,DV82848,Workstation,Apple,Aspire,SN-Wdin-56435,Morgan Glass,Sherry Young,2024-07-30,Hardware,RAM,South nor particular.,Cleaning,RAM Module,8.98,662.04,Fail,Rhonda Reed,Yes,Pending,Phoenix,Seagate,No,4
RP000479,DV33224,Laptop,Dell,MacBook Pro,SN-JEir-16991,Ashley Crawford,Gregory Woods,2024-07-30,Network,Battery,Again area similar specific.,OS Reinstallation,RAM Module,2.6,64.84,Fail,Shannon Fleming,No,Completed,Dallas,Seagate,No,2
RP000480,DV40704,Server,Dell,EliteBook,SN-XySi-08706,Jeffery Taylor,Steven Haas,2025-02-23,Power,Cooling Fan,Goal gas truth draw begin.,Software Installation,RAM Module,2.36,665.84,Fail,Jason Goodwin,Yes,Pending,Phoenix,Intel,Yes,5
RP000481,DV98103,Desktop,Dell,Aspire,SN-dedi-89003,Douglas Edwards,Stephanie Bolton,2024-08-14,Software,RAM,Paper long business.,Software Installation,Keyboard,9.37,691.61,Fail,David Stephens,Yes,Cancelled,Dallas,Dell Parts,No,5
RP000482,DV69497,Workstation,Asus,ZenBook,SN-xXJs-75374,Dana Orozco,Joshua Garcia,2026-07-11,Hardware,Keyboard,Too relationship perform evidence data.,OS Reinstallation,Power Supply,3.1,560.13,Fail,William Hall,No,Pending,Dallas,Dell Parts,Yes,1
RP000483,DV46429,Workstation,Lenovo,Latitude,SN-cpSC-83152,Jordan Wilson,Mr. Donald Cruz PhD,2025-05-09,Power,Battery,Arrive take himself.,BIOS Update,SSD Drive,8.86,655.75,Pass,James Wallace,No,Completed,Houston,Intel,Yes,3
RP000484,DV50737,Laptop,Dell,MacBook Pro,SN-IdQt-33626,Phillip Pineda,Nicole Rogers,2026-05-10,Power,Motherboard,Special opportunity serious game.,Cleaning,Cooling Fan,8.48,235.37,Fail,Jessica Patterson,Yes,Pending,Dallas,Kingston,Yes,1
RP000485,DV88638,Workstation,Dell,ZenBook,SN-IDBK-01864,Patricia Green,Julie Riddle,2024-10-17,Power,Cooling Fan,Car address son week.,Replace Component,SSD Drive,9.76,737.54,Fail,David Daniels,No,Cancelled,Dallas,Intel,Yes,4
RP000486,DV17181,Workstation,Dell,Latitude,SN-rxrQ-59609,Matthew Ingram,Eric Guerrero,2025-09-08,Hardware,Power Supply,Summer kitchen admit across.,Replace Component,Keyboard,8.57,351.26,Fail,Ian Little,Yes,Cancelled,Dallas,Western Digital,No,4
RP000487,DV66112,Laptop,Lenovo,ZenBook,SN-frNJ-83609,Austin White,Desiree Booth,2024-10-16,Hardware,WiFi Card,Dinner company that.,Cleaning,Cooling Fan,6.08,131.0,Pass,Crystal Pena,Yes,Cancelled,Houston,Seagate,Yes,5
RP000488,DV43591,Workstation,Apple,ZenBook,SN-cJTo-28795,Miguel Green,Michael Mathews,2025-07-15,Display,WiFi Card,Music and doctor board medical.,Software Installation,Motherboard,1.81,83.05,Pass,Billy Harris,No,Cancelled,Phoenix,Seagate,No,3
RP000489,DV86502,Desktop,Hp,MacBook Pro,SN-sjbu-95616,Heather Hester,Jade Dunlap,2025-01-05,Network,Cooling Fan,Perform civil and us.,BIOS Update,Keyboard,4.0,56.06,Pass,Allison Lynch,Yes,Completed,Dallas,Western Digital,No,2
RP000490,DV36263,Desktop,Dell,EliteBook,SN-nyLc-58895,Brittany Farmer,Tina Benjamin,2024-09-26,Software,WiFi Card,Not young piece safe.,Firmware Update,WiFi Card,6.2,298.36,Fail,Barbara Johns,No,Pending,Austin,Intel,Yes,4
RP000491,DV15530,Desktop,Dell,ZenBook,SN-Curm-09788,Eileen Sanchez,Randall Cox,2025-02-21,Software,Battery,Fire win realize knowledge whatever.,OS Reinstallation,Motherboard,2.77,600.94,Fail,Bobby Castro,No,Completed,Phoenix,Intel,Yes,3
RP000492,DV11296,Server,Dell,Aspire,SN-CYAo-15793,Samantha Martinez,Paula Russell,2026-04-29,Hardware,SSD,Program painting somebody game brother impact.,BIOS Update,WiFi Card,2.35,489.26,Fail,Brittany Snyder,Yes,Completed,Houston,Intel,No,2
RP000493,DV38697,Desktop,Lenovo,Aspire,SN-hAqW-32702,Tara Newton,Andrew Reynolds,2025-10-18,Software,SSD,Wrong car term truth.,Software Installation,RAM Module,2.17,246.34,Pass,Heather Morales,Yes,Cancelled,Houston,Western Digital,Yes,3
RP000494,DV37556,Workstation,Hp,EliteBook,SN-vLMN-83415,Nathan Jones,Tiffany Lozano,2025-09-04,Network,SSD,Last strong eye local care contain she.,Cleaning,Power Supply,8.84,99.03,Pass,Taylor Miller,Yes,Completed,Houston,Seagate,No,3
RP000495,DV51674,Workstation,Asus,ThinkPad,SN-yuCl-09957,Leah Duffy,Edward Peterson,2024-11-07,Hardware,Cooling Fan,Military modern meet up expect himself.,Cleaning,Motherboard,8.62,270.64,Pass,Tiffany Williams,No,Completed,Dallas,Dell Parts,No,2
RP000496,DV76619,Workstation,Hp,ZenBook,SN-Nugw-36849,Bryan Hill,Stephen Roberts,2024-11-22,Hardware,WiFi Card,Writer send under project.,Component Repair,SSD Drive,2.09,341.09,Fail,Daniel Roberson,No,Cancelled,Phoenix,Intel,No,3
RP000497,DV78875,Workstation,Asus,MacBook Pro,SN-IZma-20908,Rodney Wood IV,Jessica Wallace,2024-08-01,Power,Screen,Store far body.,Cleaning,Power Supply,6.56,642.97,Pass,Sarah Wallace,Yes,Completed,Houston,Western Digital,Yes,4
RP000498,DV38651,Workstation,Apple,Aspire,SN-rUQh-67412,Regina Garner,Benjamin Moore,2025-09-03,Software,Keyboard,Everybody piece mention since religious.,BIOS Update,SSD Drive,1.78,113.02,Fail,Tim Hamilton,No,Completed,Dallas,Western Digital,No,4
RP000499,DV69133,Workstation,Apple,EliteBook,SN-OOap-85380,James Hahn,Deborah Hernandez,2025-03-22,Power,Keyboard,Safe executive cup then.,BIOS Update,Power Supply,0.73,381.27,Fail,Shannon Curry,Yes,Pending,Dallas,Kingston,Yes,3
RP000500,DV39850,Laptop,Dell,EliteBook,SN-NnTl-06178,Michael Austin,Cynthia Bailey,2026-04-04,Hardware,Power Supply,Prevent conference feel discussion factor machine.,Software Installation,Cooling Fan,2.37,296.93,Fail,Jenna Howard,No,Completed,Houston,Dell Parts,No,1
